Variable,Run,TestID,SolutionIndex,SolutionID,Schedulability,Satisfaction,DeadlineMiss,Rank,CrowdDistance
UAV,44,1,0,0,-803.1761349170598,10.0,0,0,0.0
UAV,44,1,1,1,-802.4150562453632,-4.0,0,0,0.0
UAV,44,1,2,2,-802.3899868165121,-20.0,0,0,0.0
UAV,44,1,3,3,-802.3972482542649,-22.0,3768,0,0.0
UAV,44,1,4,4,-802.7340613709533,4.0,0,0,0.0
UAV,44,1,5,5,-802.346163117906,-31.0,1864,0,0.0
UAV,44,1,6,6,-802.5538017670791,-3.0,2590,0,0.0
UAV,50,1,0,0,-802.9276078411075,4.0,3735,0,0.0
UAV,50,1,1,1,-802.4636074835524,-1.0,3524,0,0.0
UAV,50,1,2,2,-803.179381830533,10.0,0,0,0.0
UAV,50,1,3,3,-802.391949904214,-23.0,181,0,0.0
UAV,50,1,4,4,-802.3993383486318,-32.0,130,0,0.0
UAV,50,1,5,5,-802.3392775607273,-37.0,2810,0,0.0
UAV,10,1,0,0,-802.3673716885356,-24.0,673,0,0.0
UAV,10,1,1,1,-802.4782028325459,-5.0,42,0,0.0
UAV,10,1,2,2,-802.4071079706322,-13.0,3101,0,0.0
UAV,10,1,3,3,-802.2517586845653,-39.0,99,0,0.0
UAV,10,1,4,4,-802.3184193137505,-30.0,3328,0,0.0
UAV,10,1,5,5,-802.4451082167905,-17.0,3821,0,0.0
UAV,10,1,6,6,-802.6395647229442,10.0,3500,0,0.0
UAV,22,1,0,0,-802.5004458358906,-7.0,0,0,0.0
UAV,22,1,1,1,-802.6382753152852,5.0,0,0,0.0
UAV,22,1,2,2,-803.0422840377057,10.0,0,0,0.0
UAV,22,1,3,3,-802.3905044558202,-11.0,2493,0,0.0
UAV,22,1,4,4,-802.254371014544,-36.0,3091,0,0.0
UAV,22,1,5,5,-802.3490582989206,-19.0,2,0,0.0
UAV,31,1,0,0,-802.5103965435927,-7.0,0,0,0.0
UAV,31,1,1,1,-802.4465626178925,-9.0,2746,0,0.0
UAV,31,1,2,2,-802.6325856841361,-1.0,2500,0,0.0
UAV,31,1,3,3,-802.4432556553871,-16.0,684,0,0.0
UAV,31,1,4,4,-802.338776097535,-27.0,2431,0,0.0
UAV,31,1,5,5,-802.9154848456545,10.0,3500,0,0.0
UAV,31,1,6,6,-802.3380242175905,-39.0,79,0,0.0
UAV,31,1,7,7,-802.2945188558338,-40.0,66,0,0.0
UAV,31,1,8,8,-802.3953287663561,-26.0,41,0,0.0
UAV,15,1,0,0,-802.4042645819821,-14.0,231,0,0.0
UAV,15,1,1,1,-802.6267717300453,-2.0,21,0,0.0
UAV,15,1,2,2,-802.6214989477078,-3.0,2717,0,0.0
UAV,15,1,3,3,-803.0727694587263,10.0,3500,0,0.0
UAV,15,1,4,4,-802.2926146602558,-30.0,2640,0,0.0
UAV,15,1,5,5,-802.3565160837774,-28.0,216,0,0.0
UAV,15,1,6,6,-802.3555603371644,-29.0,3507,0,0.0
UAV,15,1,7,7,-802.2796673275706,-38.0,2109,0,0.0
UAV,15,1,8,8,-802.7261549252428,5.0,0,0,0.0
UAV,15,1,9,9,-802.5053440139915,-6.0,27,0,0.0
UAV,15,1,10,10,-802.670857765482,-1.0,3500,0,0.0
UAV,41,1,0,0,-803.0706302131791,10.0,0,0,0.0
UAV,41,1,1,1,-802.5344508545677,-3.0,1134,0,0.0
UAV,41,1,2,2,-802.4263729434477,-20.0,3919,0,0.0
UAV,41,1,3,3,-802.6998479664727,1.0,0,0,0.0
UAV,41,1,4,4,-802.4081616836728,-21.0,3025,0,0.0
UAV,41,1,5,5,-802.9157061706098,4.0,0,0,0.0
UAV,41,1,6,6,-802.4311421293439,-26.0,4028,0,0.0
UAV,41,1,7,7,-802.5318960149946,-15.0,0,0,0.0
UAV,41,1,8,8,-802.4648383209803,-16.0,0,0,0.0
UAV,41,1,9,9,-802.5800412223144,-11.0,0,0,0.0
UAV,41,1,10,10,-802.6328851746721,-1.0,0,0,0.0
UAV,41,1,11,11,-802.2982949978308,-28.0,1716,0,0.0
UAV,48,1,0,0,-802.4940380981661,-5.0,0,0,0.0
UAV,48,1,1,1,-802.3831540024241,-12.0,439,0,0.0
UAV,48,1,2,2,-802.7109688759224,0.0,421,0,0.0
UAV,48,1,3,3,-802.9055374315275,5.0,0,0,0.0
UAV,48,1,4,4,-802.6245456601167,-3.0,0,0,0.0
UAV,48,1,5,5,-802.3059035080358,-28.0,43,0,0.0
UAV,48,1,6,6,-802.3055133557154,-26.0,383,0,0.0
UAV,48,1,7,7,-802.3687859834133,-20.0,3199,0,0.0
UAV,48,1,8,8,-802.3573721578609,-25.0,3972,0,0.0
UAV,48,1,9,9,-803.2371394980706,10.0,1500,0,0.0
UAV,12,1,0,0,-802.3222317088856,-23.0,3196,0,0.0
UAV,12,1,1,1,-802.446786956421,2.0,0,0,0.0
UAV,12,1,2,2,-802.2757007507544,-24.0,20,0,0.0
UAV,12,1,3,3,-802.3898171900399,-21.0,3407,0,0.0
UAV,12,1,4,4,-803.0534680486414,5.0,0,0,0.0
UAV,6,1,0,0,-802.2770607088893,-26.0,42,0,0.0
UAV,6,1,1,1,-802.5790245411987,-4.0,2210,0,0.0
UAV,6,1,2,2,-803.2837712731166,5.0,3500,0,0.0
UAV,6,1,3,3,-802.4860761005259,-11.0,0,0,0.0
UAV,6,1,4,4,-803.0900426574613,4.0,0,0,0.0
UAV,6,1,5,5,-802.6440611504388,3.0,0,0,0.0
UAV,6,1,6,6,-802.5413781825936,-5.0,3589,0,0.0
UAV,6,1,7,7,-802.3443594864493,-24.0,1395,0,0.0
UAV,6,1,8,8,-803.5271115984586,10.0,3500,0,0.0
UAV,6,1,9,9,-802.4115325700807,-19.0,3773,0,0.0
UAV,6,1,10,10,-802.2520841475687,-27.0,1057,0,0.0
UAV,49,1,0,0,-802.3816015221134,-11.0,194,0,0.0
UAV,49,1,1,1,-802.3443436837163,-23.0,3064,0,0.0
UAV,49,1,2,2,-802.5897427683784,-10.0,3503,0,0.0
UAV,49,1,3,3,-803.0083541910103,10.0,3500,0,0.0
UAV,49,1,4,4,-802.2737864108936,-25.0,3032,0,0.0
UAV,49,1,5,5,-802.8050390506597,5.0,0,0,0.0
UAV,49,1,6,6,-802.6456715788844,-2.0,0,0,0.0
UAV,49,1,7,7,-802.5564314124211,-7.0,3797,0,0.0
UAV,49,1,8,8,-802.6020143306563,-6.0,568,0,0.0
UAV,27,1,0,0,-802.3401950345592,-17.0,0,0,0.0
UAV,27,1,1,1,-802.6639580043762,-3.0,3500,0,0.0
UAV,27,1,2,2,-803.1759787878491,10.0,3500,0,0.0
UAV,27,1,3,3,-802.4865581364229,-9.0,3500,0,0.0
UAV,27,1,4,4,-802.6396781188333,-6.0,3736,0,0.0
UAV,27,1,5,5,-803.0172476973001,4.0,3644,0,0.0
UAV,27,1,6,6,-802.9180263933681,2.0,0,0,0.0
UAV,27,1,7,7,-802.6014428472354,-8.0,3857,0,0.0
UAV,27,1,8,8,-802.7426556394705,0.0,4155,0,0.0
UAV,47,1,0,0,-802.6008413701186,-2.0,0,0,0.0
UAV,47,1,1,1,-802.7733367369409,4.0,0,0,0.0
UAV,47,1,2,2,-802.4906280430331,-8.0,2,0,0.0
UAV,47,1,3,3,-802.2852712900423,-32.0,500,0,0.0
UAV,47,1,4,4,-802.3888550150597,-15.0,0,0,0.0
UAV,47,1,5,5,-802.4036868711464,-24.0,0,0,0.0
UAV,47,1,6,6,-802.5304157699276,-7.0,0,0,0.0
UAV,47,1,7,7,-802.9732085108691,10.0,0,0,0.0
UAV,47,1,8,8,-802.2210745301953,-39.0,3193,0,0.0
UAV,45,1,0,0,-802.6609674594534,5.0,1500,0,0.0
UAV,45,1,1,1,-802.3507835378211,-17.0,402,0,0.0
UAV,45,1,2,2,-802.5997306188187,-5.0,0,0,0.0
UAV,45,1,3,3,-803.0869391943127,10.0,3500,0,0.0
UAV,45,1,4,4,-802.4298522341369,-7.0,41,0,0.0
UAV,45,1,5,5,-802.5623833677156,-4.0,3767,0,0.0
UAV,45,1,6,6,-802.3823767411468,-22.0,0,0,0.0
UAV,45,1,7,7,-802.3124754283383,-31.0,1,0,0.0
UAV,45,1,8,8,-802.3165199630039,-25.0,1979,0,0.0
UAV,45,1,9,9,-802.4110613754862,-20.0,3505,0,0.0
UAV,45,1,10,10,-802.6686600224361,1.0,0,0,0.0
UAV,28,1,0,0,-802.3795498386205,-18.0,2812,0,0.0
UAV,28,1,1,1,-802.267460063737,-47.0,90,0,0.0
UAV,28,1,2,2,-803.1209155637836,10.0,0,0,0.0
UAV,28,1,3,3,-802.6200043366513,-4.0,1324,0,0.0
UAV,28,1,4,4,-802.4681484377784,-6.0,1324,0,0.0
UAV,28,1,5,5,-802.3108160910208,-32.0,2860,0,0.0
UAV,28,1,6,6,-802.4529214886197,-17.0,1274,0,0.0
UAV,28,1,7,7,-802.3152363495469,-31.0,356,0,0.0
UAV,28,1,8,8,-802.8068707164044,5.0,0,0,0.0
UAV,28,1,9,9,-802.6642059234699,1.0,0,0,0.0
UAV,28,1,10,10,-802.378696467885,-23.0,142,0,0.0
UAV,7,1,0,0,-802.4784291557677,-1.0,0,0,0.0
UAV,7,1,1,1,-802.4008793608659,-14.0,2946,0,0.0
UAV,7,1,2,2,-802.2858663801046,-32.0,3510,0,0.0
UAV,7,1,3,3,-802.489024259798,-12.0,678,0,0.0
UAV,7,1,4,4,-802.2852474790943,-29.0,2607,0,0.0
UAV,7,1,5,5,-802.758641420769,10.0,3500,0,0.0
UAV,7,1,6,6,-802.4107371860174,-19.0,0,0,0.0
UAV,36,1,0,0,-802.4279595738526,-10.0,3731,0,0.0
UAV,36,1,1,1,-802.3058882142932,-16.0,1409,0,0.0
UAV,36,1,2,2,-802.5715421320499,-2.0,0,0,0.0
UAV,36,1,3,3,-802.2569487756376,-36.0,880,0,0.0
UAV,36,1,4,4,-802.8589104265717,10.0,0,0,0.0
UAV,36,1,5,5,-802.4694011394367,-8.0,3140,0,0.0
UAV,36,1,6,6,-802.4297063110785,-11.0,0,0,0.0
UAV,36,1,7,7,-802.3086041780634,-30.0,34,0,0.0
UAV,46,1,0,0,-802.5535216461068,-6.0,0,0,0.0
UAV,46,1,1,1,-802.3397974714783,-20.0,408,0,0.0
UAV,46,1,2,2,-802.4143197970532,-9.0,2772,0,0.0
UAV,46,1,3,3,-802.869225295494,10.0,3500,0,0.0
UAV,46,1,4,4,-802.5177896378588,-8.0,0,0,0.0
UAV,46,1,5,5,-802.2816731974224,-30.0,3163,0,0.0
UAV,46,1,6,6,-802.7055511549689,-1.0,0,0,0.0
UAV,46,1,7,7,-802.6707756757266,2.0,0,0,0.0
UAV,46,1,8,8,-802.3895030230992,-26.0,0,0,0.0
UAV,33,1,0,0,-802.6431345122867,-5.0,3555,0,0.0
UAV,33,1,1,1,-802.4617208900985,-15.0,3880,0,0.0
UAV,33,1,2,2,-802.2822805053848,-29.0,0,0,0.0
UAV,33,1,3,3,-802.9845269923437,10.0,3500,0,0.0
UAV,33,1,4,4,-802.5115180907522,-14.0,0,0,0.0
UAV,33,1,5,5,-802.3206629039257,-24.0,3501,0,0.0
UAV,33,1,6,6,-802.4098929212212,-16.0,0,0,0.0
UAV,33,1,7,7,-802.700164895196,-4.0,0,0,0.0
UAV,33,1,8,8,-802.7626150907603,2.0,3676,0,0.0
UAV,33,1,9,9,-802.6254501888537,-7.0,0,0,0.0
UAV,33,1,10,10,-802.360350254315,-22.0,635,0,0.0
UAV,4,1,0,0,-802.9868382237033,10.0,0,0,0.0
UAV,4,1,1,1,-802.3688198598594,-22.0,2780,0,0.0
UAV,4,1,2,2,-802.4846776120381,-4.0,3734,0,0.0
UAV,4,1,3,3,-802.5853767962271,-2.0,3524,0,0.0
UAV,4,1,4,4,-802.4273824959167,-14.0,0,0,0.0
UAV,4,1,5,5,-802.2622602445244,-38.0,167,0,0.0
UAV,4,1,6,6,-802.3014703738233,-24.0,297,0,0.0
UAV,4,1,7,7,-802.568280847887,5.0,0,0,0.0
UAV,24,1,0,0,-802.7675817318761,2.0,0,0,0.0
UAV,24,1,1,1,-802.9407516430622,5.0,0,0,0.0
UAV,24,1,2,2,-802.2921823008132,-32.0,679,0,0.0
UAV,24,1,3,3,-802.2642114548431,-51.0,645,0,0.0
UAV,24,1,4,4,-802.4412765635077,-9.0,0,0,0.0
UAV,24,1,5,5,-802.6381948465589,1.0,0,0,0.0
UAV,24,1,6,6,-803.0940114354121,10.0,0,0,0.0
UAV,24,1,7,7,-802.3978428836815,-11.0,1066,0,0.0
UAV,24,1,8,8,-802.3493499667813,-20.0,1309,0,0.0
UAV,24,1,9,9,-802.6209346665867,-3.0,0,0,0.0
UAV,11,1,0,0,-802.7873573653192,10.0,0,0,0.0
UAV,11,1,1,1,-802.6058307596501,4.0,1500,0,0.0
UAV,11,1,2,2,-802.306035305405,-25.0,2902,0,0.0
UAV,11,1,3,3,-802.4077735518741,-3.0,0,0,0.0
UAV,30,1,0,0,-802.4512024623815,-13.0,0,0,0.0
UAV,30,1,1,1,-802.9445720272004,10.0,3500,0,0.0
UAV,30,1,2,2,-802.6919013305215,-1.0,0,0,0.0
UAV,30,1,3,3,-802.7671321713309,1.0,3614,0,0.0
UAV,30,1,4,4,-802.3464137824454,-22.0,1067,0,0.0
UAV,30,1,5,5,-802.3022767443563,-32.0,1046,0,0.0
UAV,30,1,6,6,-802.3823330171268,-25.0,3500,0,0.0
UAV,30,1,7,7,-802.8041874860985,5.0,0,0,0.0
UAV,30,1,8,8,-802.7596449510501,-8.0,1000,0,0.0
UAV,30,1,9,9,-802.3077709912385,-42.0,937,0,0.0
UAV,30,1,10,10,-802.5326886743376,-9.0,0,0,0.0
UAV,19,1,0,0,-802.822533453075,3.0,0,0,0.0
UAV,19,1,1,1,-802.6526744507528,-4.0,3555,0,0.0
UAV,19,1,2,2,-802.4473234380564,-8.0,3988,0,0.0
UAV,19,1,3,3,-803.3367285918907,10.0,1000,0,0.0
UAV,19,1,4,4,-802.297436797661,-41.0,107,0,0.0
UAV,19,1,5,5,-802.4401299556966,-21.0,0,0,0.0
UAV,19,1,6,6,-802.3553174164824,-26.0,0,0,0.0
UAV,19,1,7,7,-802.9730847743172,4.0,0,0,0.0
UAV,19,1,8,8,-802.4844532774765,-16.0,1308,0,0.0
UAV,19,1,9,9,-802.3859480462814,-22.0,0,0,0.0
UAV,40,1,0,0,-802.3068859423155,-32.0,0,0,0.0
UAV,40,1,1,1,-802.6217002216621,-1.0,3565,0,0.0
UAV,40,1,2,2,-803.3993772190261,10.0,3500,0,0.0
UAV,40,1,3,3,-802.4342096140624,-15.0,7,0,0.0
UAV,40,1,4,4,-802.3736532586089,-20.0,0,0,0.0
UAV,40,1,5,5,-802.786498630021,3.0,0,0,0.0
UAV,40,1,6,6,-802.9012050760266,5.0,0,0,0.0
UAV,40,1,7,7,-802.562278152484,-7.0,0,0,0.0
UAV,40,1,8,8,-802.4300125875195,-19.0,3724,0,0.0
UAV,40,1,9,9,-802.318398389629,-28.0,3620,0,0.0
UAV,40,1,10,10,-802.6184924340242,-6.0,4,0,0.0
UAV,40,1,11,11,-802.2870685015565,-39.0,3887,0,0.0
UAV,43,1,0,0,-802.3246106521851,-22.0,3133,0,0.0
UAV,43,1,1,1,-802.8751168220409,5.0,0,0,0.0
UAV,43,1,2,2,-802.3345889667665,-26.0,3513,0,0.0
UAV,43,1,3,3,-802.2726432752597,-27.0,1664,0,0.0
UAV,43,1,4,4,-803.2979836812661,10.0,3500,0,0.0
UAV,43,1,5,5,-802.2817872969634,-48.0,2583,0,0.0
UAV,43,1,6,6,-802.3776788348512,-13.0,1001,0,0.0
UAV,43,1,7,7,-802.6287861529156,1.0,134,0,0.0
UAV,43,1,8,8,-802.6460191426471,-5.0,0,0,0.0
UAV,43,1,9,9,-802.5952044198506,-12.0,3529,0,0.0
UAV,23,1,0,0,-802.4913708837778,-9.0,0,0,0.0
UAV,23,1,1,1,-802.777041894537,10.0,2000,0,0.0
UAV,23,1,2,2,-802.3248190482673,-21.0,579,0,0.0
UAV,23,1,3,3,-802.4291740849013,-12.0,34,0,0.0
UAV,23,1,4,4,-802.7481364147072,4.0,2759,0,0.0
UAV,23,1,5,5,-802.661630890367,-1.0,0,0,0.0
UAV,23,1,6,6,-802.6013267395033,-8.0,3628,0,0.0
UAV,25,1,0,0,-802.6011137979137,2.0,3500,0,0.0
UAV,25,1,1,1,-802.3616182113194,-34.0,0,0,0.0
UAV,25,1,2,2,-802.3074238330148,-35.0,3182,0,0.0
UAV,25,1,3,3,-803.0576869762507,10.0,0,0,0.0
UAV,25,1,4,4,-802.2854891401009,-41.0,2,0,0.0
UAV,25,1,5,5,-802.4835804078624,-1.0,62,0,0.0
UAV,25,1,6,6,-802.7017512984519,3.0,3500,0,0.0
UAV,25,1,7,7,-802.3726725009265,-18.0,0,0,0.0
UAV,21,1,0,0,-802.2597453708889,-39.0,351,0,0.0
UAV,21,1,1,1,-802.5810082324366,4.0,3500,0,0.0
UAV,21,1,2,2,-802.3022751377247,-28.0,499,0,0.0
UAV,21,1,3,3,-802.5206833232363,-11.0,3888,0,0.0
UAV,21,1,4,4,-803.1584199261865,10.0,0,0,0.0
UAV,21,1,5,5,-802.3886359621133,-21.0,3767,0,0.0
UAV,21,1,6,6,-802.4914899702799,-12.0,0,0,0.0
UAV,21,1,7,7,-802.4358250333023,-19.0,0,0,0.0
UAV,34,1,0,0,-802.653127444907,-3.0,0,0,0.0
UAV,34,1,1,1,-802.9991092097049,5.0,0,0,0.0
UAV,34,1,2,2,-803.2893575027717,10.0,0,0,0.0
UAV,34,1,3,3,-802.6022179939665,-8.0,0,0,0.0
UAV,34,1,4,4,-802.2857023783341,-29.0,1209,0,0.0
UAV,34,1,5,5,-802.3637440119369,-14.0,16,0,0.0
UAV,34,1,6,6,-802.8299818947088,4.0,3500,0,0.0
UAV,34,1,7,7,-802.7871277227675,-2.0,750,0,0.0
UAV,34,1,8,8,-802.3202959726266,-24.0,3631,0,0.0
UAV,34,1,9,9,-802.5161965706018,-11.0,29,0,0.0
UAV,8,1,0,0,-802.3069102812582,-26.0,487,0,0.0
UAV,8,1,1,1,-802.4271113701478,-5.0,0,0,0.0
UAV,8,1,2,2,-802.2771892601065,-40.0,168,0,0.0
UAV,8,1,3,3,-803.0695148516567,3.0,0,0,0.0
UAV,8,1,4,4,-802.3928786903689,-11.0,2599,0,0.0
UAV,8,1,5,5,-803.3034322768051,10.0,0,0,0.0
UAV,8,1,6,6,-802.6978156988616,1.0,0,0,0.0
UAV,8,1,7,7,-803.3161750746676,4.0,3500,0,0.0
UAV,29,1,0,0,-802.7124985814223,1.0,3555,0,0.0
UAV,29,1,1,1,-802.5031142143009,-10.0,3728,0,0.0
UAV,29,1,2,2,-802.8009033547048,3.0,1881,0,0.0
UAV,29,1,3,3,-802.4420569516453,-12.0,3510,0,0.0
UAV,29,1,4,4,-802.9647513151779,10.0,2500,0,0.0
UAV,29,1,5,5,-802.5661761020621,-9.0,3604,0,0.0
UAV,29,1,6,6,-802.3791406640283,-21.0,12,0,0.0
UAV,29,1,7,7,-802.2788345438767,-33.0,85,0,0.0
UAV,29,1,8,8,-802.5790729986516,-1.0,0,0,0.0
UAV,29,1,9,9,-802.4201581183702,-19.0,0,0,0.0
UAV,29,1,10,10,-802.3415814306312,-23.0,2406,0,0.0
UAV,20,1,0,0,-802.4576744905819,-9.0,0,0,0.0
UAV,20,1,1,1,-803.0673379591018,5.0,2000,0,0.0
UAV,20,1,2,2,-802.6872224799539,-2.0,0,0,0.0
UAV,20,1,3,3,-802.6880395577072,-5.0,20,0,0.0
UAV,20,1,4,4,-802.5252907654151,-7.0,1484,0,0.0
UAV,20,1,5,5,-802.3492530835764,-14.0,196,0,0.0
UAV,20,1,6,6,-803.1846679891195,10.0,3500,0,0.0
UAV,20,1,7,7,-803.0050532207155,3.0,3500,0,0.0
UAV,20,1,8,8,-802.9386338020325,1.0,3545,0,0.0
UAV,20,1,9,9,-802.8151663272799,-1.0,0,0,0.0
UAV,20,1,10,10,-802.6331703047817,-6.0,2122,0,0.0
UAV,20,1,11,11,-802.9042827243778,0.0,3524,0,0.0
UAV,20,1,12,12,-802.3217000439694,-38.0,3157,0,0.0
UAV,3,1,0,0,-802.5531342834472,-9.0,2758,0,0.0
UAV,3,1,1,1,-802.3087496034499,-26.0,2417,0,0.0
UAV,3,1,2,2,-802.4973345693292,-17.0,1359,0,0.0
UAV,3,1,3,3,-802.5125658852794,-11.0,3317,0,0.0
UAV,3,1,4,4,-802.4489455219663,-20.0,0,0,0.0
UAV,3,1,5,5,-802.9473523270352,10.0,0,0,0.0
UAV,3,1,6,6,-802.8035512270343,5.0,3500,0,0.0
UAV,3,1,7,7,-802.6093377951706,-1.0,42,0,0.0
UAV,3,1,8,8,-802.3515550604483,-23.0,3550,0,0.0
UAV,3,1,9,9,-802.3160722798308,-27.0,2973,0,0.0
UAV,9,1,0,0,-802.9294632508046,10.0,7000,0,0.0
UAV,9,1,1,1,-802.2781158803582,-25.0,1078,0,0.0
UAV,9,1,2,2,-802.4984261752952,-9.0,109,0,0.0
UAV,9,1,3,3,-802.3483762858077,-20.0,43,0,0.0
UAV,9,1,4,4,-802.6726756392794,-5.0,0,0,0.0
UAV,9,1,5,5,-802.7390983281321,-1.0,0,0,0.0
UAV,9,1,6,6,-802.7920436281476,0.0,0,0,0.0
UAV,9,1,7,7,-802.6570209232136,-3.0,0,0,0.0
UAV,9,1,8,8,-802.4379573255026,-19.0,0,0,0.0
UAV,9,1,9,9,-802.4281033946274,-14.0,4043,0,0.0
UAV,9,1,10,10,-802.8418756446663,5.0,0,0,0.0
UAV,37,1,0,0,-802.7798385049753,10.0,0,0,0.0
UAV,37,1,1,1,-802.4730995061485,-1.0,0,0,0.0
UAV,37,1,2,2,-802.4237276729689,-20.0,47,0,0.0
UAV,37,1,3,3,-802.4084609149934,-24.0,0,0,0.0
UAV,37,1,4,4,-802.5702354245911,0.0,3565,0,0.0
UAV,37,1,5,5,-802.2685658710574,-31.0,1739,0,0.0
UAV,38,1,0,0,-802.6354282473282,-8.0,3500,0,0.0
UAV,38,1,1,1,-802.3297374334352,-20.0,3501,0,0.0
UAV,38,1,2,2,-803.1213722868783,10.0,1500,0,0.0
UAV,38,1,3,3,-802.4239368435777,-17.0,309,0,0.0
UAV,38,1,4,4,-802.9590809591853,5.0,3500,0,0.0
UAV,38,1,5,5,-802.3706405661151,-19.0,0,0,0.0
UAV,38,1,6,6,-802.6624700728086,0.0,0,0,0.0
UAV,38,1,7,7,-802.217603913086,-28.0,1911,0,0.0
UAV,38,1,8,8,-802.5441302798006,-13.0,0,0,0.0
UAV,38,1,9,9,-802.4891216790479,-14.0,34,0,0.0
UAV,38,1,10,10,-802.7596282353219,4.0,0,0,0.0
UAV,38,1,11,11,-802.6871955209414,-1.0,3500,0,0.0
UAV,17,1,0,0,-802.2774304943736,-37.0,191,0,0.0
UAV,17,1,1,1,-802.5282038348495,-2.0,0,0,0.0
UAV,17,1,2,2,-802.481130590537,-11.0,0,0,0.0
UAV,17,1,3,3,-802.3311350519655,-33.0,3225,0,0.0
UAV,17,1,4,4,-803.1334983528424,5.0,3500,0,0.0
UAV,17,1,5,5,-803.2229991148444,10.0,0,0,0.0
UAV,17,1,6,6,-803.0958072625602,3.0,0,0,0.0
UAV,17,1,7,7,-802.3426128331145,-30.0,650,0,0.0
UAV,17,1,8,8,-802.6039426155583,-1.0,2336,0,0.0
UAV,17,1,9,9,-802.5514256558024,-8.0,0,0,0.0
UAV,17,1,10,10,-802.4535749062518,-16.0,0,0,0.0
UAV,17,1,11,11,-802.7313314908968,1.0,3654,0,0.0
UAV,17,1,12,12,-802.2529594748095,-45.0,2117,0,0.0
UAV,17,1,13,13,-802.3598654236807,-21.0,3099,0,0.0
UAV,18,1,0,0,-802.3512180789147,-23.0,1339,0,0.0
UAV,18,1,1,1,-802.5189106781386,10.0,2000,0,0.0
UAV,18,1,2,2,-802.3488373055711,-25.0,3500,0,0.0
UAV,18,1,3,3,-802.3990683391163,-13.0,723,0,0.0
UAV,5,1,0,0,-802.6619813553516,-2.0,0,0,0.0
UAV,5,1,1,1,-802.4302541992101,-15.0,254,0,0.0
UAV,5,1,2,2,-802.3038620913464,-22.0,3864,0,0.0
UAV,5,1,3,3,-802.8816967720234,10.0,0,0,0.0
UAV,5,1,4,4,-802.5199672820391,-4.0,59,0,0.0
UAV,5,1,5,5,-802.7407035157049,4.0,3744,0,0.0
UAV,5,1,6,6,-802.4540503293433,-9.0,3500,0,0.0
UAV,5,1,7,7,-802.3912151358522,-17.0,0,0,0.0
UAV,2,1,0,0,-802.583838073276,-1.0,2686,0,0.0
UAV,2,1,1,1,-802.849971470727,2.0,0,0,0.0
UAV,2,1,2,2,-803.2870970683744,10.0,3500,0,0.0
UAV,2,1,3,3,-803.1502480966607,3.0,0,0,0.0
UAV,2,1,4,4,-802.2990704473461,-28.0,3347,0,0.0
UAV,2,1,5,5,-802.4383032584083,-7.0,27,0,0.0
UAV,2,1,6,6,-802.2765876867998,-37.0,330,0,0.0
UAV,2,1,7,7,-802.327560440681,-22.0,3127,0,0.0
UAV,35,1,0,0,-802.668529154981,3.0,0,0,0.0
UAV,35,1,1,1,-802.2834150232759,-21.0,3607,0,0.0
UAV,35,1,2,2,-802.3109170295758,-31.0,250,0,0.0
UAV,35,1,3,3,-802.4409400127187,-2.0,1000,0,0.0
UAV,35,1,4,4,-802.8630060414741,10.0,2500,0,0.0
UAV,26,1,0,0,-802.5771625891202,-1.0,0,0,0.0
UAV,26,1,1,1,-802.3599207012986,-6.0,134,0,0.0
UAV,26,1,2,2,-802.3539997758189,-29.0,2126,0,0.0
UAV,26,1,3,3,-802.5597116800111,-4.0,0,0,0.0
UAV,26,1,4,4,-802.2791436229246,-40.0,3556,0,0.0
UAV,26,1,5,5,-802.9724470789569,10.0,3500,0,0.0
UAV,26,1,6,6,-802.7857397266924,4.0,2883,0,0.0
UAV,26,1,7,7,-802.3153791370286,-35.0,1887,0,0.0
UAV,39,1,0,0,-802.7390115925749,10.0,1000,0,0.0
UAV,39,1,1,1,-802.5616416788353,-10.0,82,0,0.0
UAV,39,1,2,2,-802.6656792940202,-2.0,3537,0,0.0
UAV,39,1,3,3,-802.280396524178,-29.0,3015,0,0.0
UAV,39,1,4,4,-802.3188135159098,-44.0,127,0,0.0
UAV,39,1,5,5,-802.3718078664075,-15.0,3629,0,0.0
UAV,39,1,6,6,-802.3764458651126,-21.0,2022,0,0.0
UAV,39,1,7,7,-802.4083779496732,-25.0,0,0,0.0
UAV,39,1,8,8,-802.735936291032,4.0,42,0,0.0
UAV,39,1,9,9,-802.6165926190863,-3.0,0,0,0.0
UAV,1,1,0,0,-802.8499917104978,-3.0,3500,0,0.0
UAV,1,1,1,1,-802.8471234447189,-1.0,0,0,0.0
UAV,1,1,2,2,-802.6847317828267,-6.0,0,0,0.0
UAV,1,1,3,3,-802.2607080682465,-40.0,578,0,0.0
UAV,1,1,4,4,-802.7796544548152,-4.0,0,0,0.0
UAV,1,1,5,5,-803.0151328140188,10.0,0,0,0.0
UAV,1,1,6,6,-802.6723982830218,-8.0,3500,0,0.0
UAV,1,1,7,7,-802.3614372666974,-19.0,466,0,0.0
UAV,1,1,8,8,-802.3157264818119,-30.0,2941,0,0.0
UAV,1,1,9,9,-802.29770049778,-36.0,244,0,0.0
UAV,1,1,10,10,-802.5019511936517,-15.0,0,0,0.0
UAV,1,1,11,11,-802.992577289762,0.0,0,0,0.0
UAV,1,1,12,12,-802.5739093714591,-14.0,3034,0,0.0
UAV,1,1,13,13,-802.414830000075,-17.0,0,0,0.0
UAV,32,1,0,0,-802.6869710133948,5.0,0,0,0.0
UAV,32,1,1,1,-802.5290392610196,3.0,0,0,0.0
UAV,32,1,2,2,-802.4356768365737,-11.0,0,0,0.0
UAV,32,1,3,3,-803.0452997301262,10.0,0,0,0.0
UAV,32,1,4,4,-802.2622824777071,-31.0,1004,0,0.0
UAV,32,1,5,5,-802.5826595819275,-6.0,2500,0,0.0
UAV,32,1,6,6,-802.3191450071307,-22.0,2765,0,0.0
UAV,16,1,0,0,-802.6688161614442,-3.0,0,0,0.0
UAV,16,1,1,1,-802.7788930756824,4.0,3500,0,0.0
UAV,16,1,2,2,-802.5740022269837,-7.0,181,0,0.0
UAV,16,1,3,3,-802.5217281537825,-15.0,2539,0,0.0
UAV,16,1,4,4,-802.8908856345762,10.0,0,0,0.0
UAV,16,1,5,5,-802.5354518517033,-14.0,3834,0,0.0
UAV,16,1,6,6,-802.3256816162968,-36.0,360,0,0.0
UAV,16,1,7,7,-802.4334727845055,-16.0,0,0,0.0
UAV,16,1,8,8,-802.4193395849773,-25.0,34,0,0.0
UAV,16,1,9,9,-802.400496913345,-30.0,0,0,0.0
UAV,16,1,10,10,-802.6878118583994,3.0,1969,0,0.0
UAV,42,1,0,0,-802.5197494653132,-7.0,3565,0,0.0
UAV,42,1,1,1,-802.9410987479537,10.0,0,0,0.0
UAV,42,1,2,2,-802.5046072153609,-13.0,0,0,0.0
UAV,42,1,3,3,-802.2309709003343,-31.0,1014,0,0.0
UAV,42,1,4,4,-802.365277941191,-14.0,526,0,0.0
UAV,42,1,5,5,-802.6008599205167,-4.0,0,0,0.0
UAV,42,1,6,6,-802.3421589135713,-25.0,3319,0,0.0
UAV,42,1,7,7,-802.6563996251904,5.0,0,0,0.0
UAV,13,1,0,0,-802.4418534625506,-11.0,336,0,0.0
UAV,13,1,1,1,-802.5910576069697,-3.0,0,0,0.0
UAV,13,1,2,2,-802.5961418723244,-7.0,0,0,0.0
UAV,13,1,3,3,-802.6866510138187,4.0,1661,0,0.0
UAV,13,1,4,4,-802.3463336937303,-23.0,3113,0,0.0
UAV,13,1,5,5,-802.664488681783,-2.0,3524,0,0.0
UAV,13,1,6,6,-802.3064564488017,-35.0,258,0,0.0
UAV,13,1,7,7,-802.4961762022,-9.0,0,0,0.0
UAV,13,1,8,8,-802.2672560315386,-41.0,893,0,0.0
UAV,13,1,9,9,-803.173782757535,10.0,0,0,0.0
UAV,13,1,10,10,-802.4518038603571,-22.0,0,0,0.0
UAV,13,1,11,11,-802.9906125937125,5.0,2883,0,0.0
UAV,13,1,12,12,-802.284639869301,-28.0,3858,0,0.0
UAV,14,1,0,0,-802.357390745636,-24.0,3919,0,0.0
UAV,14,1,1,1,-802.5932112715143,-6.0,3517,0,0.0
UAV,14,1,2,2,-802.3851734543838,-23.0,0,0,0.0
UAV,14,1,3,3,-802.2911412806018,-48.0,880,0,0.0
UAV,14,1,4,4,-802.654523839254,4.0,3500,0,0.0
UAV,14,1,5,5,-802.4323647391045,-17.0,0,0,0.0
UAV,14,1,6,6,-803.0676756079067,10.0,0,0,0.0
UAV,14,1,7,7,-802.9939375142357,5.0,3500,0,0.0
UAV,14,1,8,8,-802.4787462527943,-7.0,0,0,0.0
UAV,14,1,9,9,-802.3463397561574,-25.0,51,0,0.0
UAV,14,1,10,10,-802.2927962919636,-40.0,3497,0,0.0
CCS,44,1,0,0,-23.455682530564946,0.0,1087,0,0.0
CCS,44,1,1,1,-23.47318853505834,2.0,1496,0,0.0
CCS,44,1,2,2,-23.467894676228596,6.0,1562,0,0.0
CCS,44,1,3,3,-23.477166411530494,1.0,1142,0,0.0
CCS,44,1,4,4,-23.42437264875609,-8.0,456,0,0.0
CCS,44,1,5,5,-23.456151959395896,-4.0,1065,0,0.0
CCS,50,1,0,0,-23.450535984772426,-1.0,1245,0,0.0
CCS,50,1,1,1,-23.385386131458088,-12.0,396,0,0.0
CCS,50,1,2,2,-23.48138920111709,6.0,1514,0,0.0
CCS,50,1,3,3,-23.44489739118397,-3.0,1150,0,0.0
CCS,50,1,4,4,-23.470629005475075,-2.0,1109,0,0.0
CCS,50,1,5,5,-23.50410443563033,2.0,1596,0,0.0
CCS,50,1,6,6,-23.427592312718264,-8.0,957,0,0.0
CCS,10,1,0,0,-23.50419628940095,1.0,1401,0,0.0
CCS,10,1,1,1,-23.455682530564946,0.0,1087,0,0.0
CCS,10,1,2,2,-23.373232114512877,-18.0,222,0,0.0
CCS,10,1,3,3,-23.388956645095778,-10.0,442,0,0.0
CCS,10,1,4,4,-23.43021819921996,-6.0,531,0,0.0
CCS,10,1,5,5,-23.46902315714457,6.0,1506,0,0.0
CCS,10,1,6,6,-23.48327051023531,2.0,1507,0,0.0
CCS,22,1,0,0,-23.437199064442623,-10.0,397,0,0.0
CCS,22,1,1,1,-23.439040070892595,-7.0,821,0,0.0
CCS,22,1,2,2,-23.456115798065074,-2.0,866,0,0.0
CCS,22,1,3,3,-23.486422569783638,6.0,1632,0,0.0
CCS,22,1,4,4,-23.513790280789014,1.0,1767,0,0.0
CCS,22,1,5,5,-23.456942092932266,2.0,1300,0,0.0
CCS,31,1,0,0,-23.44141573380407,-4.0,960,0,0.0
CCS,31,1,1,1,-23.385726122521476,-13.0,190,0,0.0
CCS,31,1,2,2,-23.457750808781938,1.0,1134,0,0.0
CCS,31,1,3,3,-23.435017863132757,-9.0,709,0,0.0
CCS,31,1,4,4,-23.482113073836985,6.0,1515,0,0.0
CCS,15,1,0,0,-23.427454484762,-4.0,1080,0,0.0
CCS,15,1,1,1,-23.461529482441694,6.0,1406,0,0.0
CCS,15,1,2,2,-23.473695150740067,0.0,1074,0,0.0
CCS,15,1,3,3,-23.48428874071573,1.0,1534,0,0.0
CCS,15,1,4,4,-23.415557867037,-8.0,498,0,0.0
CCS,41,1,0,0,-23.462734542250733,0.0,1173,0,0.0
CCS,41,1,1,1,-23.431242770907247,-9.0,397,0,0.0
CCS,41,1,2,2,-23.463618464364345,6.0,1505,0,0.0
CCS,41,1,3,3,-23.469116113266015,-1.0,970,0,0.0
CCS,41,1,4,4,-23.4953223518962,1.0,1296,0,0.0
CCS,48,1,0,0,-23.38784570432033,-13.0,248,0,0.0
CCS,48,1,1,1,-23.43952968546086,-7.0,709,0,0.0
CCS,48,1,2,2,-23.472008923381118,1.0,1192,0,0.0
CCS,48,1,3,3,-23.488914185831682,2.0,1329,0,0.0
CCS,48,1,4,4,-23.466120089975806,-2.0,866,0,0.0
CCS,48,1,5,5,-23.525985163041614,6.0,1868,0,0.0
CCS,48,1,6,6,-23.3976140273159,-18.0,114,0,0.0
CCS,12,1,0,0,-23.470293719928204,-1.0,940,0,0.0
CCS,12,1,1,1,-23.431308216631997,-7.0,630,0,0.0
CCS,12,1,2,2,-23.480661452315225,6.0,1496,0,0.0
CCS,12,1,3,3,-23.474090793833486,0.0,1345,0,0.0
CCS,12,1,4,4,-23.427535958135792,-10.0,961,0,0.0
CCS,12,1,5,5,-23.48020495518813,2.0,1556,0,0.0
CCS,6,1,0,0,-23.431840413757524,-4.0,1049,0,0.0
CCS,6,1,1,1,-23.46902315714457,6.0,1506,0,0.0
CCS,6,1,2,2,-23.468923231599913,0.0,874,0,0.0
CCS,6,1,3,3,-23.456662132779282,-1.0,874,0,0.0
CCS,6,1,4,4,-23.481686103631596,1.0,1500,0,0.0
CCS,6,1,5,5,-23.457788022701315,-2.0,866,0,0.0
CCS,6,1,6,6,-23.472357618059036,-3.0,942,0,0.0
CCS,6,1,7,7,-23.414882309966664,-10.0,520,0,0.0
CCS,49,1,0,0,-23.503391440938756,0.0,1139,0,0.0
CCS,49,1,1,1,-23.487331367323133,6.0,1497,0,0.0
CCS,49,1,2,2,-23.4769041181698,-1.0,1050,0,0.0
CCS,49,1,3,3,-23.45220624187186,-4.0,982,0,0.0
CCS,49,1,4,4,-23.48174548610719,2.0,1514,0,0.0
CCS,49,1,5,5,-23.523969359320265,1.0,1262,0,0.0
CCS,49,1,6,6,-23.431726514280356,-7.0,526,0,0.0
CCS,27,1,0,0,-23.444820539098316,-6.0,810,0,0.0
CCS,27,1,1,1,-23.38639552347798,-13.0,412,0,0.0
CCS,27,1,2,2,-23.458984284634777,0.0,874,0,0.0
CCS,27,1,3,3,-23.502832710669225,1.0,1083,0,0.0
CCS,27,1,4,4,-23.482918179476144,6.0,1605,0,0.0
CCS,47,1,0,0,-23.47608983790633,6.0,1415,0,0.0
CCS,47,1,1,1,-23.465522227942948,-1.0,1096,0,0.0
CCS,47,1,2,2,-23.485363437854065,2.0,1601,0,0.0
CCS,47,1,3,3,-23.418810534014217,-13.0,421,0,0.0
CCS,47,1,4,4,-23.4709104802604,1.0,1332,0,0.0
CCS,45,1,0,0,-23.467365464268,0.0,1181,0,0.0
CCS,45,1,1,1,-23.381671643335213,-13.0,96,0,0.0
CCS,45,1,2,2,-23.482510911095986,6.0,1595,0,0.0
CCS,45,1,3,3,-23.42324070530098,-6.0,507,0,0.0
CCS,45,1,4,4,-23.42569205012019,-8.0,534,0,0.0
CCS,45,1,5,5,-23.381545790526808,-12.0,240,0,0.0
CCS,28,1,0,0,-23.461561017704675,0.0,1066,0,0.0
CCS,28,1,1,1,-23.54705170232152,2.0,1730,0,0.0
CCS,28,1,2,2,-23.497552140430614,6.0,1652,0,0.0
CCS,28,1,3,3,-23.47047824183005,1.0,1029,0,0.0
CCS,28,1,4,4,-23.435969432789438,-6.0,1070,0,0.0
CCS,7,1,0,0,-23.44475335361739,-3.0,1140,0,0.0
CCS,7,1,1,1,-23.478148488140622,1.0,989,0,0.0
CCS,7,1,2,2,-23.43461157978832,-4.0,993,0,0.0
CCS,7,1,3,3,-23.430380502007246,-14.0,911,0,0.0
CCS,7,1,4,4,-23.484353527014207,6.0,1572,0,0.0
CCS,7,1,5,5,-23.488680955243378,2.0,1329,0,0.0
CCS,36,1,0,0,-23.48661593483294,6.0,1606,0,0.0
CCS,36,1,1,1,-23.388431929985394,-15.0,513,0,0.0
CCS,36,1,2,2,-23.433646218150916,-9.0,994,0,0.0
CCS,36,1,3,3,-23.458984284634777,0.0,874,0,0.0
CCS,46,1,0,0,-23.467894676228596,6.0,1562,0,0.0
CCS,46,1,1,1,-23.465535713974642,0.0,1074,0,0.0
CCS,46,1,2,2,-23.46348302463613,1.0,1275,0,0.0
CCS,46,1,3,3,-23.46773666430433,-1.0,932,0,0.0
CCS,46,1,4,4,-23.416161754632963,-6.0,607,0,0.0
CCS,46,1,5,5,-23.42786181380466,-8.0,456,0,0.0
CCS,46,1,6,6,-23.43923238175571,-3.0,1225,0,0.0
CCS,33,1,0,0,-23.46975122991859,-2.0,866,0,0.0
CCS,33,1,1,1,-23.434881557782173,-4.0,1082,0,0.0
CCS,33,1,2,2,-23.395259257740772,-9.0,460,0,0.0
CCS,33,1,3,3,-23.44802550361099,-3.0,1132,0,0.0
CCS,33,1,4,4,-23.483356660610706,6.0,1507,0,0.0
CCS,33,1,5,5,-23.469253581502688,0.0,1154,0,0.0
CCS,33,1,6,6,-23.402896625469474,-14.0,127,0,0.0
CCS,4,1,0,0,-23.43627576774159,-5.0,681,0,0.0
CCS,4,1,1,1,-23.47307757836087,0.0,1066,0,0.0
CCS,4,1,2,2,-23.384130702528875,-18.0,114,0,0.0
CCS,4,1,3,3,-23.487023386925042,2.0,1532,0,0.0
CCS,4,1,4,4,-23.484402969248006,6.0,1459,0,0.0
CCS,24,1,0,0,-23.377844928154477,-14.0,222,0,0.0
CCS,24,1,1,1,-23.39293562883328,-9.0,510,0,0.0
CCS,24,1,2,2,-23.463527522346116,-1.0,1060,0,0.0
CCS,24,1,3,3,-23.39089610158669,-8.0,511,0,0.0
CCS,24,1,4,4,-23.488440084194973,6.0,1606,0,0.0
CCS,11,1,0,0,-23.45655986464256,-1.0,866,0,0.0
CCS,11,1,1,1,-23.471013676650667,1.0,989,0,0.0
CCS,11,1,2,2,-23.451124910360445,-4.0,1054,0,0.0
CCS,11,1,3,3,-23.427219214043394,-10.0,962,0,0.0
CCS,11,1,4,4,-23.47633058483892,6.0,1529,0,0.0
CCS,30,1,0,0,-23.442416080063563,-10.0,558,0,0.0
CCS,30,1,1,1,-23.45271140104241,-5.0,1054,0,0.0
CCS,30,1,2,2,-23.546133323285474,2.0,1904,0,0.0
CCS,30,1,3,3,-23.45737287431545,-1.0,1087,0,0.0
CCS,30,1,4,4,-23.531884473439863,6.0,1974,0,0.0
CCS,30,1,5,5,-23.475902056737645,0.0,1202,0,0.0
CCS,19,1,0,0,-23.379917180755562,-12.0,211,0,0.0
CCS,19,1,1,1,-23.388962263938385,-11.0,442,0,0.0
CCS,19,1,2,2,-23.474062057213505,2.0,1545,0,0.0
CCS,19,1,3,3,-23.433298701874605,-5.0,717,0,0.0
CCS,19,1,4,4,-23.473802855077444,1.0,1142,0,0.0
CCS,19,1,5,5,-23.470827383976374,-2.0,1046,0,0.0
CCS,19,1,6,6,-23.43987384296389,-6.0,759,0,0.0
CCS,19,1,7,7,-23.384401318901023,-16.0,114,0,0.0
CCS,19,1,8,8,-23.476399005974574,6.0,1505,0,0.0
CCS,40,1,0,0,-23.481832276814266,-1.0,1049,0,0.0
CCS,40,1,1,1,-23.44187394614553,-4.0,969,0,0.0
CCS,40,1,2,2,-23.526481293023426,0.0,1426,0,0.0
CCS,40,1,3,3,-23.493055766335445,6.0,1606,0,0.0
CCS,40,1,4,4,-23.46434823835739,1.0,1275,0,0.0
CCS,40,1,5,5,-23.444971506574166,-11.0,397,0,0.0
CCS,40,1,6,6,-23.393296690829693,-16.0,114,0,0.0
CCS,40,1,7,7,-23.475887779942855,2.0,1499,0,0.0
CCS,40,1,8,8,-23.42804222833463,-6.0,574,0,0.0
CCS,43,1,0,0,-23.445088535215266,-5.0,699,0,0.0
CCS,43,1,1,1,-23.473949284270056,6.0,1407,0,0.0
CCS,43,1,2,2,-23.488914185831682,2.0,1329,0,0.0
CCS,43,1,3,3,-23.39499261096587,-14.0,114,0,0.0
CCS,43,1,4,4,-23.380200068558047,-13.0,211,0,0.0
CCS,43,1,5,5,-23.43476572281109,-10.0,571,0,0.0
CCS,23,1,0,0,-23.460790174306723,-1.0,950,0,0.0
CCS,23,1,1,1,-23.486060863652867,2.0,1532,0,0.0
CCS,23,1,2,2,-23.386989156386644,-17.0,487,0,0.0
CCS,23,1,3,3,-23.475679998192344,6.0,1514,0,0.0
CCS,25,1,0,0,-23.435641815218993,-5.0,973,0,0.0
CCS,25,1,1,1,-23.472230739731923,2.0,1545,0,0.0
CCS,25,1,2,2,-23.4759416864968,0.0,1179,0,0.0
CCS,25,1,3,3,-23.47653525310699,-2.0,942,0,0.0
CCS,25,1,4,4,-23.488805251301475,1.0,1357,0,0.0
CCS,25,1,5,5,-23.485843925162417,-1.0,1087,0,0.0
CCS,25,1,6,6,-23.451604340929595,-3.0,1150,0,0.0
CCS,25,1,7,7,-23.463618464364345,6.0,1505,0,0.0
CCS,21,1,0,0,-23.481814274244872,6.0,1595,0,0.0
CCS,21,1,1,1,-23.463549665764408,-1.0,874,0,0.0
CCS,21,1,2,2,-23.488914185831682,2.0,1329,0,0.0
CCS,21,1,3,3,-23.430239306173423,-4.0,1082,0,0.0
CCS,21,1,4,4,-23.384687001257493,-14.0,403,0,0.0
CCS,34,1,0,0,-23.49681079218016,1.0,1401,0,0.0
CCS,34,1,1,1,-23.454471683944305,-1.0,866,0,0.0
CCS,34,1,2,2,-23.47318853505834,2.0,1496,0,0.0
CCS,34,1,3,3,-23.386177866329156,-11.0,404,0,0.0
CCS,34,1,4,4,-23.492282851261347,6.0,1632,0,0.0
CCS,8,1,0,0,-23.46954182999554,-1.0,1087,0,0.0
CCS,8,1,1,1,-23.478206833731537,1.0,1374,0,0.0
CCS,8,1,2,2,-23.42653254452915,-8.0,1024,0,0.0
CCS,8,1,3,3,-23.468617818861084,6.0,1515,0,0.0
CCS,8,1,4,4,-23.451604340929595,-3.0,1150,0,0.0
CCS,29,1,0,0,-23.454056535558447,0.0,1087,0,0.0
CCS,29,1,1,1,-23.47318853505834,2.0,1496,0,0.0
CCS,29,1,2,2,-23.501666363609868,1.0,1189,0,0.0
CCS,29,1,3,3,-23.38983082318429,-11.0,513,0,0.0
CCS,29,1,4,4,-23.389742566295993,-12.0,339,0,0.0
CCS,29,1,5,5,-23.496256811537272,6.0,1437,0,0.0
CCS,20,1,0,0,-23.45473881312308,-1.0,866,0,0.0
CCS,20,1,1,1,-23.51577983608515,1.0,1583,0,0.0
CCS,20,1,2,2,-23.432233129572804,-9.0,721,0,0.0
CCS,20,1,3,3,-23.390777565041393,-12.0,431,0,0.0
CCS,20,1,4,4,-23.468604780661437,6.0,1562,0,0.0
CCS,20,1,5,5,-23.430239306173423,-4.0,1082,0,0.0
CCS,3,1,0,0,-23.432441416733305,-6.0,931,0,0.0
CCS,3,1,1,1,-23.51314742531922,1.0,1719,0,0.0
CCS,3,1,2,2,-23.385388899593803,-12.0,404,0,0.0
CCS,3,1,3,3,-23.50812478177306,0.0,1709,0,0.0
CCS,3,1,4,4,-23.46875320510265,6.0,1407,0,0.0
CCS,3,1,5,5,-23.484753704694857,-3.0,1060,0,0.0
CCS,3,1,6,6,-23.48195030101009,2.0,1482,0,0.0
CCS,9,1,0,0,-23.45834495282211,1.0,1337,0,0.0
CCS,9,1,1,1,-23.415668345315215,-7.0,520,0,0.0
CCS,9,1,2,2,-23.49279961093738,2.0,1602,0,0.0
CCS,9,1,3,3,-23.485091287340634,6.0,1594,0,0.0
CCS,9,1,4,4,-23.432027768727156,-6.0,769,0,0.0
CCS,9,1,5,5,-23.41478944053755,-8.0,500,0,0.0
CCS,37,1,0,0,-23.50169798230814,-1.0,874,0,0.0
CCS,37,1,1,1,-23.483859212144225,1.0,1431,0,0.0
CCS,37,1,2,2,-23.435013510720093,-7.0,875,0,0.0
CCS,37,1,3,3,-23.521683258169205,0.0,1331,0,0.0
CCS,37,1,4,4,-23.459023155439645,-2.0,942,0,0.0
CCS,37,1,5,5,-23.49176516932481,6.0,1562,0,0.0
CCS,37,1,6,6,-23.380200068558047,-12.0,211,0,0.0
CCS,38,1,0,0,-23.4560239650399,-2.0,866,0,0.0
CCS,38,1,1,1,-23.47564268348045,2.0,1595,0,0.0
CCS,38,1,2,2,-23.45555910581944,0.0,874,0,0.0
CCS,38,1,3,3,-23.53191594796509,1.0,1593,0,0.0
CCS,38,1,4,4,-23.48716251533794,6.0,1497,0,0.0
CCS,38,1,5,5,-23.38844626453814,-15.0,441,0,0.0
CCS,17,1,0,0,-23.468506913311955,0.0,1277,0,0.0
CCS,17,1,1,1,-23.434979288190494,-4.0,1052,0,0.0
CCS,17,1,2,2,-23.436806983687934,-7.0,1014,0,0.0
CCS,17,1,3,3,-23.525014335196325,1.0,1593,0,0.0
CCS,17,1,4,4,-23.472140524738464,6.0,1517,0,0.0
CCS,17,1,5,5,-23.47792927822319,2.0,1450,0,0.0
CCS,18,1,0,0,-23.399408574069785,-10.0,219,0,0.0
CCS,18,1,1,1,-23.380997101310225,-15.0,190,0,0.0
CCS,18,1,2,2,-23.4610257430169,0.0,970,0,0.0
CCS,18,1,3,3,-23.48370265874505,6.0,1652,0,0.0
CCS,18,1,4,4,-23.534153867907023,1.0,1262,0,0.0
CCS,18,1,5,5,-23.398605574337623,-12.0,127,0,0.0
CCS,18,1,6,6,-23.437613036845292,-9.0,711,0,0.0
CCS,5,1,0,0,-23.468764681182307,-1.0,1074,0,0.0
CCS,5,1,1,1,-23.463328254571373,6.0,1418,0,0.0
CCS,5,1,2,2,-23.430345365410332,-5.0,1060,0,0.0
CCS,5,1,3,3,-23.485565860198555,1.0,1297,0,0.0
CCS,5,1,4,4,-23.42399378658673,-8.0,565,0,0.0
CCS,5,1,5,5,-23.484044142641242,0.0,1224,0,0.0
CCS,5,1,6,6,-23.38619176099777,-10.0,404,0,0.0
CCS,2,1,0,0,-23.476819116102543,6.0,1572,0,0.0
CCS,2,1,1,1,-23.49327814958725,2.0,1532,0,0.0
CCS,2,1,2,2,-23.38841627558843,-11.0,433,0,0.0
CCS,2,1,3,3,-23.452355641730335,0.0,1079,0,0.0
CCS,35,1,0,0,-23.4658774544557,1.0,1395,0,0.0
CCS,35,1,1,1,-23.38113195276083,-20.0,96,0,0.0
CCS,35,1,2,2,-23.379917180755562,-13.0,211,0,0.0
CCS,35,1,3,3,-23.492043011755882,2.0,1329,0,0.0
CCS,35,1,4,4,-23.49456110586051,6.0,1515,0,0.0
CCS,35,1,5,5,-23.38673620984196,-12.0,180,0,0.0
CCS,26,1,0,0,-23.5181296640257,1.0,1593,0,0.0
CCS,26,1,1,1,-23.470724221591478,-1.0,1052,0,0.0
CCS,26,1,2,2,-23.46511047073323,0.0,1087,0,0.0
CCS,26,1,3,3,-23.524169743055786,6.0,1840,0,0.0
CCS,26,1,4,4,-23.46329786637919,2.0,1419,0,0.0
CCS,26,1,5,5,-23.43583943922121,-6.0,699,0,0.0
CCS,39,1,0,0,-23.4697297384502,1.0,1431,0,0.0
CCS,39,1,1,1,-23.395259257740772,-9.0,460,0,0.0
CCS,39,1,2,2,-23.42989564159149,-6.0,529,0,0.0
CCS,39,1,3,3,-23.468556457789056,0.0,1154,0,0.0
CCS,39,1,4,4,-23.485220381994313,6.0,1595,0,0.0
CCS,39,1,5,5,-23.40355142878264,-15.0,127,0,0.0
CCS,39,1,6,6,-23.482625667933664,2.0,1563,0,0.0
CCS,1,1,0,0,-23.38619176099777,-10.0,404,0,0.0
CCS,1,1,1,1,-23.379350079717128,-12.0,248,0,0.0
CCS,1,1,2,2,-23.46437057996534,-1.0,1060,0,0.0
CCS,1,1,3,3,-23.47622853025678,2.0,1496,0,0.0
CCS,1,1,4,4,-23.472292603754916,6.0,1517,0,0.0
CCS,1,1,5,5,-23.450614092381013,-4.0,1097,0,0.0
CCS,32,1,0,0,-23.473267889598205,6.0,1517,0,0.0
CCS,32,1,1,1,-23.387404562915133,-10.0,463,0,0.0
CCS,32,1,2,2,-23.483714100592966,-5.0,1214,0,0.0
CCS,32,1,3,3,-23.378384618728862,-12.0,222,0,0.0
CCS,32,1,4,4,-23.482063374757068,-1.0,874,0,0.0
CCS,32,1,5,5,-23.432468595498083,-6.0,1076,0,0.0
CCS,16,1,0,0,-23.42158836758611,-8.0,397,0,0.0
CCS,16,1,1,1,-23.472385608689816,-3.0,950,0,0.0
CCS,16,1,2,2,-23.46899058473301,0.0,874,0,0.0
CCS,16,1,3,3,-23.471949139276866,6.0,1419,0,0.0
CCS,16,1,4,4,-23.37787678241077,-13.0,269,0,0.0
CCS,16,1,5,5,-23.523070131673826,1.0,1593,0,0.0
CCS,16,1,6,6,-23.43682368621559,-4.0,784,0,0.0
CCS,16,1,7,7,-23.47882936780942,2.0,1497,0,0.0
CCS,16,1,8,8,-23.43750121139288,-7.0,644,0,0.0
CCS,42,1,0,0,-23.471608349455863,6.0,1417,0,0.0
CCS,42,1,1,1,-23.462964333109237,0.0,1066,0,0.0
CCS,42,1,2,2,-23.477005200933164,2.0,1495,0,0.0
CCS,42,1,3,3,-23.40703436124706,-11.0,130,0,0.0
CCS,42,1,4,4,-23.48372379041925,1.0,1488,0,0.0
CCS,42,1,5,5,-23.441269261512105,-7.0,587,0,0.0
CCS,42,1,6,6,-23.42064288213767,-12.0,533,0,0.0
CCS,13,1,0,0,-23.462545471314474,1.0,1192,0,0.0
CCS,13,1,1,1,-23.47936874120663,6.0,1430,0,0.0
CCS,13,1,2,2,-23.499133598571397,2.0,1532,0,0.0
CCS,13,1,3,3,-23.42712015682193,-8.0,522,0,0.0
CCS,13,1,4,4,-23.386177866329156,-11.0,404,0,0.0
CCS,14,1,0,0,-23.470376612890853,0.0,1066,0,0.0
CCS,14,1,1,1,-23.42959373114081,-5.0,751,0,0.0
CCS,14,1,2,2,-23.473802855077444,1.0,1142,0,0.0
CCS,14,1,3,3,-23.479552695413854,2.0,1545,0,0.0
CCS,14,1,4,4,-23.38048450127329,-14.0,181,0,0.0
CCS,14,1,5,5,-23.428380837575514,-7.0,890,0,0.0
CCS,14,1,6,6,-23.479642391522948,-1.0,962,0,0.0
CCS,14,1,7,7,-23.471663821326896,6.0,1419,0,0.0
ESAIL,44,1,0,0,-3186.2037441438865,15.0,0,0,0.0
ESAIL,50,1,0,0,-3186.2037441438865,15.0,0,0,0.0
ESAIL,10,1,0,0,-3186.2037441438865,15.0,0,0,0.0
ESAIL,22,1,0,0,-3186.2037441438865,15.0,0,0,0.0
ESAIL,31,1,0,0,-3186.2037441438865,15.0,0,0,0.0
ESAIL,15,1,0,0,-3186.2037441438865,15.0,0,0,0.0
ESAIL,41,1,0,0,-3186.2037441438865,15.0,0,0,0.0
ESAIL,48,1,0,0,-3186.2037441438865,15.0,0,0,0.0
ESAIL,12,1,0,0,-3186.2037441438865,15.0,0,0,0.0
ESAIL,6,1,0,0,-3186.2037441438865,15.0,0,0,0.0
ESAIL,49,1,0,0,-3186.2037441438865,15.0,0,0,0.0
ESAIL,27,1,0,0,-3186.2037441438865,15.0,0,0,0.0
ESAIL,47,1,0,0,-3186.2037441438865,15.0,0,0,0.0
ESAIL,45,1,0,0,-3186.2037441438865,15.0,0,0,0.0
ESAIL,28,1,0,0,-3186.2037441438865,15.0,0,0,0.0
ESAIL,7,1,0,0,-3186.2037441438865,15.0,0,0,0.0
ESAIL,36,1,0,0,-3186.2037441438865,15.0,0,0,0.0
ESAIL,46,1,0,0,-3186.2037441438865,15.0,0,0,0.0
ESAIL,33,1,0,0,-3186.2037441438865,15.0,0,0,0.0
ESAIL,4,1,0,0,-3186.2037441438865,15.0,0,0,0.0
ESAIL,24,1,0,0,-3186.2037441438865,15.0,0,0,0.0
ESAIL,11,1,0,0,-3186.2037441438865,15.0,0,0,0.0
ESAIL,30,1,0,0,-3186.2037441438865,15.0,0,0,0.0
ESAIL,19,1,0,0,-3186.2037441438865,15.0,0,0,0.0
ESAIL,40,1,0,0,-3186.2037441438865,15.0,0,0,0.0
ESAIL,43,1,0,0,-3186.2037441438865,15.0,0,0,0.0
ESAIL,23,1,0,0,-3186.2037441438865,15.0,0,0,0.0
ESAIL,25,1,0,0,-3186.2037441438865,15.0,0,0,0.0
ESAIL,21,1,0,0,-3186.2037441438865,15.0,0,0,0.0
ESAIL,34,1,0,0,-3186.2037441438865,15.0,0,0,0.0
ESAIL,8,1,0,0,-3186.2037441438865,15.0,0,0,0.0
ESAIL,29,1,0,0,-3186.2037441438865,15.0,0,0,0.0
ESAIL,20,1,0,0,-3186.2037441438865,15.0,0,0,0.0
ESAIL,3,1,0,0,-3186.2037441438865,15.0,0,0,0.0
ESAIL,9,1,0,0,-3186.2037441438865,15.0,0,0,0.0
ESAIL,37,1,0,0,-3186.2037441438865,15.0,0,0,0.0
ESAIL,38,1,0,0,-3186.2037441438865,15.0,0,0,0.0
ESAIL,17,1,0,0,-3186.2037441438865,15.0,0,0,0.0
ESAIL,18,1,0,0,-3186.2037441438865,15.0,0,0,0.0
ESAIL,5,1,0,0,-3186.2037441438865,15.0,0,0,0.0
ESAIL,2,1,0,0,-3186.2037441438865,15.0,0,0,0.0
ESAIL,35,1,0,0,-3186.2037441438865,15.0,0,0,0.0
ESAIL,26,1,0,0,-3186.2037441438865,15.0,0,0,0.0
ESAIL,39,1,0,0,-3186.2037441438865,15.0,0,0,0.0
ESAIL,1,1,0,0,-3186.2037441438865,15.0,0,0,0.0
ESAIL,32,1,0,0,-3186.2037441438865,15.0,0,0,0.0
ESAIL,16,1,0,0,-3186.2037441438865,15.0,0,0,0.0
ESAIL,42,1,0,0,-3186.2037441438865,15.0,0,0,0.0
ESAIL,13,1,0,0,-3186.2037441438865,15.0,0,0,0.0
ESAIL,14,1,0,0,-3186.2037441438865,15.0,0,0,0.0
ICS,44,1,0,0,-11.030732378754514,6.0,0,0,0.0
ICS,50,1,0,0,-11.030732378754514,6.0,0,0,0.0
ICS,10,1,0,0,-11.030732378754514,6.0,0,0,0.0
ICS,22,1,0,0,-11.030732378754514,6.0,0,0,0.0
ICS,31,1,0,0,-11.030732378754514,6.0,0,0,0.0
ICS,15,1,0,0,-11.030732378754514,6.0,0,0,0.0
ICS,41,1,0,0,-11.030732378754514,6.0,0,0,0.0
ICS,48,1,0,0,-11.030732378754514,6.0,0,0,0.0
ICS,12,1,0,0,-11.030732378754514,6.0,0,0,0.0
ICS,6,1,0,0,-11.030732378754514,6.0,0,0,0.0
ICS,49,1,0,0,-11.030732378754514,6.0,0,0,0.0
ICS,27,1,0,0,-11.030732378754514,6.0,0,0,0.0
ICS,47,1,0,0,-11.030732378754514,6.0,0,0,0.0
ICS,45,1,0,0,-11.030732378754514,6.0,0,0,0.0
ICS,28,1,0,0,-11.030732378754514,6.0,0,0,0.0
ICS,7,1,0,0,-11.030732378754514,6.0,0,0,0.0
ICS,36,1,0,0,-11.030732378754514,6.0,0,0,0.0
ICS,46,1,0,0,-11.041277161097254,6.0,0,0,0.0
ICS,33,1,0,0,-11.030732378754514,6.0,0,0,0.0
ICS,4,1,0,0,-11.041277161097254,6.0,0,0,0.0
ICS,24,1,0,0,-11.030732378754514,6.0,0,0,0.0
ICS,11,1,0,0,-11.030732378754514,6.0,0,0,0.0
ICS,30,1,0,0,-11.030732378754514,6.0,0,0,0.0
ICS,19,1,0,0,-11.030732378754514,6.0,0,0,0.0
ICS,40,1,0,0,-11.030732378754514,6.0,0,0,0.0
ICS,43,1,0,0,-11.030732378754514,6.0,0,0,0.0
ICS,23,1,0,0,-11.030732378754514,6.0,0,0,0.0
ICS,25,1,0,0,-11.030732378754514,6.0,0,0,0.0
ICS,21,1,0,0,-11.030732378754514,6.0,0,0,0.0
ICS,34,1,0,0,-11.030732378754514,6.0,0,0,0.0
ICS,8,1,0,0,-11.030732378754514,6.0,0,0,0.0
ICS,29,1,0,0,-11.030732378754514,6.0,0,0,0.0
ICS,20,1,0,0,-11.030732378754514,6.0,0,0,0.0
ICS,3,1,0,0,-11.030732378754514,6.0,0,0,0.0
ICS,9,1,0,0,-11.030732378754514,6.0,0,0,0.0
ICS,37,1,0,0,-11.030732378754514,6.0,0,0,0.0
ICS,38,1,0,0,-11.030732378754514,6.0,0,0,0.0
ICS,17,1,0,0,-11.030732378754514,6.0,0,0,0.0
ICS,18,1,0,0,-11.030732378754514,6.0,0,0,0.0
ICS,5,1,0,0,-11.030732378754514,6.0,0,0,0.0
ICS,2,1,0,0,-11.041277161097254,6.0,0,0,0.0
ICS,35,1,0,0,-11.030732378754514,6.0,0,0,0.0
ICS,26,1,0,0,-11.041277161097254,6.0,0,0,0.0
ICS,26,1,1,1,-11.030732378754514,2.0,0,0,0.0
ICS,39,1,0,0,-11.030732378754514,6.0,0,0,0.0
ICS,1,1,0,0,-11.030732378754514,6.0,0,0,0.0
ICS,32,1,0,0,-11.030732378754514,6.0,0,0,0.0
ICS,16,1,0,0,-11.030732378754514,2.0,0,0,0.0
ICS,16,1,1,1,-11.041277161097254,6.0,0,0,0.0
ICS,42,1,0,0,-11.030732378754514,6.0,0,0,0.0
ICS,13,1,0,0,-11.030732378754514,6.0,0,0,0.0
ICS,14,1,0,0,-11.030732378754514,6.0,0,0,0.0
HPSS,44,1,0,0,-72.65200398562561,-140.0,12726,0,0.0
HPSS,44,1,1,1,-75.37196832892445,-33.0,12228,0,0.0
HPSS,44,1,2,2,-74.16145409294013,-64.0,12356,0,0.0
HPSS,44,1,3,3,-73.22920903781817,-121.0,11327,0,0.0
HPSS,44,1,4,4,-73.36576479018802,-95.0,13005,0,0.0
HPSS,44,1,5,5,-76.35717953880486,-6.0,13516,0,0.0
HPSS,44,1,6,6,-75.27700698717615,-12.0,10231,0,0.0
HPSS,44,1,7,7,-73.19070923410314,-80.0,14803,0,0.0
HPSS,44,1,8,8,-74.35345068407831,-30.0,10998,0,0.0
HPSS,44,1,9,9,-78.2025487668501,4.0,14116,0,0.0
HPSS,50,1,0,0,-73.60575213085491,-84.0,10594,0,0.0
HPSS,50,1,1,1,-74.08684643164706,-33.0,10494,0,0.0
HPSS,50,1,2,2,-75.41967309225574,-21.0,13108,0,0.0
HPSS,50,1,3,3,-73.79146714670544,-55.0,10716,0,0.0
HPSS,50,1,4,4,-73.81918724609504,-43.0,12853,0,0.0
HPSS,50,1,5,5,-72.56381783715194,-115.0,11581,0,0.0
HPSS,50,1,6,6,-76.6313872588493,-7.0,12936,0,0.0
HPSS,50,1,7,7,-73.15738363630253,-102.0,11466,0,0.0
HPSS,10,1,0,0,-74.06134902725778,15.0,12355,0,0.0
HPSS,10,1,1,1,-73.9758613719385,-43.0,12609,0,0.0
HPSS,10,1,2,2,-72.72582091466269,-83.0,13829,0,0.0
HPSS,10,1,3,3,-73.25946601708318,-78.0,12133,0,0.0
HPSS,10,1,4,4,-73.87310314951472,-41.0,10632,0,0.0
HPSS,22,1,0,0,-73.04846904986144,-106.0,9972,0,0.0
HPSS,22,1,1,1,-75.48762037639791,-6.0,12058,0,0.0
HPSS,22,1,2,2,-73.31499809174367,-70.0,10838,0,0.0
HPSS,22,1,3,3,-74.36319734897488,-59.0,11195,0,0.0
HPSS,22,1,4,4,-72.81738640009266,-105.0,11071,0,0.0
HPSS,22,1,5,5,-74.00371831377883,-43.0,12232,0,0.0
HPSS,31,1,0,0,-75.59566465217564,-2.0,13293,0,0.0
HPSS,31,1,1,1,-74.06399834551453,-61.0,11814,0,0.0
HPSS,31,1,2,2,-73.02112311066813,-69.0,13536,0,0.0
HPSS,31,1,3,3,-73.10078664577031,-115.0,10218,0,0.0
HPSS,31,1,4,4,-74.3399421509204,-29.0,10910,0,0.0
HPSS,31,1,5,5,-74.85304781545875,-22.0,11825,0,0.0
HPSS,15,1,0,0,-73.92067905263687,-61.0,10972,0,0.0
HPSS,15,1,1,1,-77.97399774786535,-7.0,14881,0,0.0
HPSS,15,1,2,2,-72.84592353053924,-101.0,10633,0,0.0
HPSS,15,1,3,3,-72.7807345071316,-115.0,13110,0,0.0
HPSS,15,1,4,4,-72.97871913453207,-124.0,11722,0,0.0
HPSS,15,1,5,5,-73.88434379949915,-74.0,10503,0,0.0
HPSS,15,1,6,6,-75.15933486191491,-23.0,12875,0,0.0
HPSS,15,1,7,7,-73.63893384600638,-77.0,12124,0,0.0
HPSS,15,1,8,8,-73.76681332582191,-76.0,11063,0,0.0
HPSS,41,1,0,0,-76.13245108468382,-27.0,13289,0,0.0
HPSS,41,1,1,1,-72.87920650353507,-92.0,11030,0,0.0
HPSS,41,1,2,2,-78.32136176665946,-23.0,13962,0,0.0
HPSS,41,1,3,3,-73.1989729430972,-85.0,10410,0,0.0
HPSS,41,1,4,4,-73.44792226229536,-56.0,10776,0,0.0
HPSS,41,1,5,5,-73.49288534066125,-77.0,13276,0,0.0
HPSS,41,1,6,6,-74.16898796632687,-39.0,10515,0,0.0
HPSS,41,1,7,7,-78.21562678360574,5.0,12111,0,0.0
HPSS,41,1,8,8,-74.31907690526246,-78.0,14254,0,0.0
HPSS,41,1,9,9,-75.00775138865552,-29.0,11159,0,0.0
HPSS,48,1,0,0,-73.56642117220849,-96.0,10614,0,0.0
HPSS,48,1,1,1,-73.31329025969818,-120.0,11794,0,0.0
HPSS,48,1,2,2,-73.48316380089456,-20.0,13868,0,0.0
HPSS,48,1,3,3,-73.19083189327058,-125.0,11100,0,0.0
HPSS,48,1,4,4,-73.31499385311037,-102.0,13478,0,0.0
HPSS,12,1,0,0,-73.22260566811283,-71.0,10591,0,0.0
HPSS,12,1,1,1,-73.4557474290199,-48.0,10729,0,0.0
HPSS,12,1,2,2,-75.2231599058147,-43.0,12346,0,0.0
HPSS,12,1,3,3,-72.79461299829325,-78.0,11976,0,0.0
HPSS,12,1,4,4,-74.99909687094143,-45.0,10351,0,0.0
HPSS,12,1,5,5,-75.35204137707234,-5.0,15127,0,0.0
HPSS,6,1,0,0,-72.86880406843537,-115.0,10232,0,0.0
HPSS,6,1,1,1,-73.04896293254576,-117.0,12283,0,0.0
HPSS,6,1,2,2,-74.17402989050599,-45.0,10977,0,0.0
HPSS,6,1,3,3,-74.5370704119495,10.0,12729,0,0.0
HPSS,6,1,4,4,-73.77134313817595,-55.0,11462,0,0.0
HPSS,6,1,5,5,-73.15013267638686,-65.0,13653,0,0.0
HPSS,49,1,0,0,-73.14458948625713,-117.0,12352,0,0.0
HPSS,49,1,1,1,-73.4712266294893,-74.0,12920,0,0.0
HPSS,49,1,2,2,-73.41974158838309,-94.0,12529,0,0.0
HPSS,49,1,3,3,-78.68228639829798,-21.0,13206,0,0.0
HPSS,49,1,4,4,-75.08884573330127,-22.0,11360,0,0.0
HPSS,49,1,5,5,-73.6298774766909,-69.0,11782,0,0.0
HPSS,49,1,6,6,-73.45889489967021,-46.0,11690,0,0.0
HPSS,27,1,0,0,-72.80524863345042,-100.0,11494,0,0.0
HPSS,27,1,1,1,-74.83801266281652,-57.0,12549,0,0.0
HPSS,27,1,2,2,-74.63750529399802,-71.0,11859,0,0.0
HPSS,27,1,3,3,-74.71681886395281,-17.0,11802,0,0.0
HPSS,27,1,4,4,-73.3396480053715,-85.0,13323,0,0.0
HPSS,27,1,5,5,-74.43095197730646,-80.0,11939,0,0.0
HPSS,27,1,6,6,-74.70189480304865,-53.0,12131,0,0.0
HPSS,27,1,7,7,-72.79951522276808,-111.0,13330,0,0.0
HPSS,27,1,8,8,-73.48113710141726,-90.0,10928,0,0.0
HPSS,27,1,9,9,-73.17508027325795,-93.0,12330,0,0.0
HPSS,47,1,0,0,-73.0520396972579,-81.0,10750,0,0.0
HPSS,47,1,1,1,-74.52975158417306,-14.0,10851,0,0.0
HPSS,47,1,2,2,-73.50548384409524,-70.0,11929,0,0.0
HPSS,47,1,3,3,-73.9075758761156,-53.0,12793,0,0.0
HPSS,47,1,4,4,-73.7092053164631,-41.0,12443,0,0.0
HPSS,47,1,5,5,-73.24914792251103,-158.0,9795,0,0.0
HPSS,45,1,0,0,-76.9822899556386,-35.0,13082,0,0.0
HPSS,45,1,1,1,-72.93601796735689,-90.0,10899,0,0.0
HPSS,45,1,2,2,-73.19787056367817,-76.0,10680,0,0.0
HPSS,45,1,3,3,-73.52305776632097,-71.0,13571,0,0.0
HPSS,45,1,4,4,-73.06551219862526,-121.0,10774,0,0.0
HPSS,45,1,5,5,-75.684946577332,-41.0,13530,0,0.0
HPSS,45,1,6,6,-73.15866196764675,-63.0,13103,0,0.0
HPSS,45,1,7,7,-73.4927893724859,-49.0,11182,0,0.0
HPSS,28,1,0,0,-77.27217029454609,-15.0,13868,0,0.0
HPSS,28,1,1,1,-74.45531045238553,-28.0,13309,0,0.0
HPSS,28,1,2,2,-73.44992870466821,-107.0,11290,0,0.0
HPSS,28,1,3,3,-74.4513554795596,-76.0,12207,0,0.0
HPSS,28,1,4,4,-73.36979229241241,-91.0,13454,0,0.0
HPSS,28,1,5,5,-73.70318553492726,-101.0,12086,0,0.0
HPSS,28,1,6,6,-74.8856003472759,-78.0,12798,0,0.0
HPSS,28,1,7,7,-74.51856643262211,-73.0,11704,0,0.0
HPSS,28,1,8,8,-72.57323837956336,-115.0,10847,0,0.0
HPSS,7,1,0,0,-74.07678055508104,-78.0,14076,0,0.0
HPSS,7,1,1,1,-72.83996540413429,-85.0,11982,0,0.0
HPSS,7,1,2,2,-75.92284495760809,-14.0,12282,0,0.0
HPSS,7,1,3,3,-74.65791210162344,-47.0,12574,0,0.0
HPSS,7,1,4,4,-73.00120789844428,-87.0,11386,0,0.0
HPSS,7,1,5,5,-73.5648386882443,-79.0,11112,0,0.0
HPSS,7,1,6,6,-74.4113482102634,-76.0,12347,0,0.0
HPSS,7,1,7,7,-74.47378924892894,-65.0,10914,0,0.0
HPSS,36,1,0,0,-73.70562432345255,-112.0,12824,0,0.0
HPSS,36,1,1,1,-74.71670002185162,-34.0,11511,0,0.0
HPSS,36,1,2,2,-73.05008758425214,-145.0,11523,0,0.0
HPSS,36,1,3,3,-77.39598600263191,-21.0,14458,0,0.0
HPSS,36,1,4,4,-74.74140077552845,-49.0,14001,0,0.0
HPSS,36,1,5,5,-75.38911360891461,-30.0,12177,0,0.0
HPSS,36,1,6,6,-74.07817289125637,-99.0,13449,0,0.0
HPSS,36,1,7,7,-73.72642256855863,-53.0,12059,0,0.0
HPSS,46,1,0,0,-75.24429676515892,-44.0,11278,0,0.0
HPSS,46,1,1,1,-74.19598235221468,-59.0,13523,0,0.0
HPSS,46,1,2,2,-72.77024093430077,-98.0,12336,0,0.0
HPSS,46,1,3,3,-73.81767505865163,-97.0,13119,0,0.0
HPSS,46,1,4,4,-75.90953386127057,3.0,14783,0,0.0
HPSS,46,1,5,5,-75.31946325513931,-7.0,11216,0,0.0
HPSS,46,1,6,6,-74.23488865564934,-47.0,11596,0,0.0
HPSS,46,1,7,7,-73.75363186473598,-66.0,12647,0,0.0
HPSS,46,1,8,8,-73.6715806569655,-61.0,12056,0,0.0
HPSS,46,1,9,9,-73.75260455345078,-94.0,13805,0,0.0
HPSS,33,1,0,0,-73.39227631099965,-70.0,14202,0,0.0
HPSS,33,1,1,1,-73.58332608633155,-96.0,13015,0,0.0
HPSS,33,1,2,2,-77.50023816485124,-9.0,13092,0,0.0
HPSS,33,1,3,3,-73.81893692065448,-33.0,11049,0,0.0
HPSS,33,1,4,4,-77.35908777555146,-10.0,13566,0,0.0
HPSS,33,1,5,5,-73.42272476200543,-94.0,12562,0,0.0
HPSS,33,1,6,6,-72.45226850684148,-123.0,11235,0,0.0
HPSS,33,1,7,7,-72.76579049098225,-101.0,10924,0,0.0
HPSS,33,1,8,8,-73.62262414194184,-85.0,11179,0,0.0
HPSS,33,1,9,9,-75.18007661369563,-25.0,12600,0,0.0
HPSS,33,1,10,10,-79.215487970956,-4.0,12476,0,0.0
HPSS,33,1,11,11,-76.24462198334483,-23.0,12095,0,0.0
HPSS,4,1,0,0,-72.908064215375,-98.0,12226,0,0.0
HPSS,4,1,1,1,-73.39510070192281,-77.0,11797,0,0.0
HPSS,4,1,2,2,-73.75847719270568,-59.0,10739,0,0.0
HPSS,4,1,3,3,-74.14025577008432,-54.0,11557,0,0.0
HPSS,4,1,4,4,-73.18468757824633,-147.0,12412,0,0.0
HPSS,4,1,5,5,-74.35782859445804,-32.0,12040,0,0.0
HPSS,4,1,6,6,-76.16462627441967,-30.0,11744,0,0.0
HPSS,4,1,7,7,-73.60364704859265,-67.0,11503,0,0.0
HPSS,4,1,8,8,-74.41317402225201,-45.0,11371,0,0.0
HPSS,4,1,9,9,-73.145350763709,-105.0,12588,0,0.0
HPSS,24,1,0,0,-78.67700925387666,-29.0,13578,0,0.0
HPSS,24,1,1,1,-74.00208167489988,-35.0,14065,0,0.0
HPSS,24,1,2,2,-78.9218409155121,-30.0,13114,0,0.0
HPSS,24,1,3,3,-77.68323505547146,-31.0,11484,0,0.0
HPSS,24,1,4,4,-73.08913051643594,-102.0,12002,0,0.0
HPSS,11,1,0,0,-75.1418261029241,-24.0,14061,0,0.0
HPSS,11,1,1,1,-73.34195148305815,-124.0,12240,0,0.0
HPSS,11,1,2,2,-74.557820229062,-33.0,11348,0,0.0
HPSS,11,1,3,3,-77.57643559796793,-18.0,12387,0,0.0
HPSS,11,1,4,4,-73.47442657584332,-85.0,12924,0,0.0
HPSS,11,1,5,5,-74.96275800941129,-41.0,12017,0,0.0
HPSS,11,1,6,6,-73.15870626178,-46.0,11786,0,0.0
HPSS,11,1,7,7,-72.8676137133114,-128.0,10165,0,0.0
HPSS,30,1,0,0,-75.88601693166456,-24.0,11326,0,0.0
HPSS,30,1,1,1,-73.3188091938296,-120.0,11347,0,0.0
HPSS,30,1,2,2,-75.34797559777401,-29.0,11537,0,0.0
HPSS,30,1,3,3,-73.49640605365859,-86.0,12661,0,0.0
HPSS,30,1,4,4,-73.75434678716243,-88.0,13186,0,0.0
HPSS,30,1,5,5,-73.83262931809257,-50.0,10264,0,0.0
HPSS,30,1,6,6,-73.66393361615205,-93.0,13604,0,0.0
HPSS,19,1,0,0,-74.01977979182212,-20.0,14313,0,0.0
HPSS,19,1,1,1,-73.06203239359819,-108.0,11161,0,0.0
HPSS,19,1,2,2,-72.99180923220382,-61.0,12042,0,0.0
HPSS,19,1,3,3,-73.11134480511173,-118.0,10675,0,0.0
HPSS,19,1,4,4,-74.86964925959185,-9.0,12329,0,0.0
HPSS,19,1,5,5,-73.41748164937964,-63.0,12335,0,0.0
HPSS,19,1,6,6,-73.19184654723905,-105.0,12213,0,0.0
HPSS,19,1,7,7,-72.76666866398429,-125.0,13043,0,0.0
HPSS,40,1,0,0,-73.81691913458923,-101.0,11705,0,0.0
HPSS,40,1,1,1,-74.04124174952132,-82.0,13029,0,0.0
HPSS,40,1,2,2,-73.60563106584287,-106.0,10708,0,0.0
HPSS,40,1,3,3,-74.00969022074896,-80.0,14020,0,0.0
HPSS,40,1,4,4,-74.5149233902129,-41.0,12351,0,0.0
HPSS,40,1,5,5,-73.82465599179851,-91.0,13251,0,0.0
HPSS,40,1,6,6,-73.59521869677454,-110.0,10813,0,0.0
HPSS,40,1,7,7,-76.41823411585034,-25.0,12526,0,0.0
HPSS,40,1,8,8,-74.45302046080197,-39.0,11023,0,0.0
HPSS,40,1,9,9,-74.16026925620481,-76.0,11997,0,0.0
HPSS,40,1,10,10,-74.10249006195792,-84.0,11457,0,0.0
HPSS,40,1,11,11,-72.84083355497047,-112.0,13253,0,0.0
HPSS,40,1,12,12,-75.9037945248872,-33.0,15176,0,0.0
HPSS,40,1,13,13,-72.89781922383007,-120.0,9307,0,0.0
HPSS,43,1,0,0,-75.45153497705788,-22.0,12330,0,0.0
HPSS,43,1,1,1,-73.20047512614549,-65.0,10023,0,0.0
HPSS,43,1,2,2,-73.09499602791333,-105.0,11700,0,0.0
HPSS,43,1,3,3,-76.3085045060127,-21.0,11833,0,0.0
HPSS,43,1,4,4,-73.20721943692001,-122.0,11443,0,0.0
HPSS,43,1,5,5,-74.0560001882934,-60.0,11543,0,0.0
HPSS,43,1,6,6,-77.05314834311866,-17.0,11544,0,0.0
HPSS,43,1,7,7,-74.51226137037537,-31.0,14031,0,0.0
HPSS,43,1,8,8,-73.30581190477407,-104.0,13891,0,0.0
HPSS,23,1,0,0,-74.12046764880775,-69.0,12781,0,0.0
HPSS,23,1,1,1,-74.11883144555355,-98.0,14497,0,0.0
HPSS,23,1,2,2,-74.41079234129967,-43.0,10618,0,0.0
HPSS,23,1,3,3,-73.45058989267613,-102.0,11808,0,0.0
HPSS,23,1,4,4,-75.77775812014958,-37.0,15325,0,0.0
HPSS,23,1,5,5,-76.3792939795293,-3.0,15169,0,0.0
HPSS,23,1,6,6,-73.62836503516293,-70.0,13333,0,0.0
HPSS,25,1,0,0,-72.69854275580059,-97.0,11724,0,0.0
HPSS,25,1,1,1,-77.09684467905116,-23.0,10977,0,0.0
HPSS,25,1,2,2,-75.63778801390062,-28.0,13562,0,0.0
HPSS,25,1,3,3,-74.69714740052083,-39.0,11079,0,0.0
HPSS,25,1,4,4,-73.66834807004415,-45.0,13873,0,0.0
HPSS,25,1,5,5,-73.12110363965428,-89.0,13823,0,0.0
HPSS,21,1,0,0,-73.62431801883214,-60.0,13033,0,0.0
HPSS,21,1,1,1,-75.47180789638348,-8.0,13390,0,0.0
HPSS,21,1,2,2,-72.99734692357588,-75.0,13658,0,0.0
HPSS,21,1,3,3,-73.25705250548489,-105.0,11731,0,0.0
HPSS,21,1,4,4,-73.13512884874584,-153.0,10773,0,0.0
HPSS,21,1,5,5,-75.19691246065334,-49.0,14574,0,0.0
HPSS,21,1,6,6,-73.44005097424458,-123.0,14807,0,0.0
HPSS,21,1,7,7,-74.64788247645443,-50.0,12077,0,0.0
HPSS,34,1,0,0,-73.27886806980574,-106.0,12864,0,0.0
HPSS,34,1,1,1,-73.2399472273077,-77.0,11178,0,0.0
HPSS,34,1,2,2,-73.37890435072774,-113.0,12073,0,0.0
HPSS,34,1,3,3,-73.63460682847916,-76.0,10939,0,0.0
HPSS,34,1,4,4,-72.87277331361373,-147.0,11693,0,0.0
HPSS,34,1,5,5,-74.26225313850635,-43.0,12604,0,0.0
HPSS,34,1,6,6,-74.97735486563516,-15.0,11680,0,0.0
HPSS,34,1,7,7,-75.30875732986988,-33.0,14788,0,0.0
HPSS,34,1,8,8,-73.66868475794237,-53.0,14123,0,0.0
HPSS,34,1,9,9,-75.21266952363187,7.0,10915,0,0.0
HPSS,8,1,0,0,-72.98244510219513,-155.0,11582,0,0.0
HPSS,8,1,1,1,-75.17188112399596,-47.0,13855,0,0.0
HPSS,8,1,2,2,-73.74129093179882,-78.0,12969,0,0.0
HPSS,8,1,3,3,-76.28048613742513,-13.0,11479,0,0.0
HPSS,8,1,4,4,-73.9874133715951,-72.0,12226,0,0.0
HPSS,8,1,5,5,-72.98683164706408,-80.0,11964,0,0.0
HPSS,8,1,6,6,-74.64604336666025,-21.0,11596,0,0.0
HPSS,29,1,0,0,-76.38847260680014,-19.0,12567,0,0.0
HPSS,29,1,1,1,-73.74094812308023,-64.0,13038,0,0.0
HPSS,29,1,2,2,-72.6006746414475,-80.0,12286,0,0.0
HPSS,29,1,3,3,-74.58310968075295,-52.0,11736,0,0.0
HPSS,29,1,4,4,-75.1048259854264,-20.0,12028,0,0.0
HPSS,29,1,5,5,-73.33545418801849,-66.0,12191,0,0.0
HPSS,29,1,6,6,-74.03448274405426,-50.0,10931,0,0.0
HPSS,20,1,0,0,-72.39256541220534,-104.0,11326,0,0.0
HPSS,20,1,1,1,-72.84686660677413,-83.0,11317,0,0.0
HPSS,20,1,2,2,-72.92378334781648,-134.0,12819,0,0.0
HPSS,20,1,3,3,-76.06331433701858,20.0,12961,0,0.0
HPSS,20,1,4,4,-73.94854655300935,-65.0,11494,0,0.0
HPSS,20,1,5,5,-75.27944810168736,-12.0,11480,0,0.0
HPSS,3,1,0,0,-73.8887084266512,-64.0,12352,0,0.0
HPSS,3,1,1,1,-73.18416258947049,-95.0,12460,0,0.0
HPSS,3,1,2,2,-72.97182176787784,-135.0,10109,0,0.0
HPSS,3,1,3,3,-77.83467904700954,-9.0,14179,0,0.0
HPSS,3,1,4,4,-73.60536844447694,-67.0,11130,0,0.0
HPSS,3,1,5,5,-73.87282910480872,-54.0,12739,0,0.0
HPSS,3,1,6,6,-74.87560044985783,-27.0,13613,0,0.0
HPSS,3,1,7,7,-73.61173176655461,-87.0,12442,0,0.0
HPSS,3,1,8,8,-75.21887243680698,-51.0,11726,0,0.0
HPSS,9,1,0,0,-75.87612008366867,-19.0,11656,0,0.0
HPSS,9,1,1,1,-73.1673757457097,-149.0,12282,0,0.0
HPSS,9,1,2,2,-74.48844713432113,-45.0,13015,0,0.0
HPSS,9,1,3,3,-73.77179752021573,-66.0,12888,0,0.0
HPSS,9,1,4,4,-73.32137203043445,-82.0,13065,0,0.0
HPSS,37,1,0,0,-75.08700657348456,-19.0,12715,0,0.0
HPSS,37,1,1,1,-76.4561541132916,-10.0,11489,0,0.0
HPSS,37,1,2,2,-74.45040949564033,-57.0,11072,0,0.0
HPSS,37,1,3,3,-74.5783759354524,-58.0,12137,0,0.0
HPSS,37,1,4,4,-73.03979650412475,-114.0,10152,0,0.0
HPSS,37,1,5,5,-74.68979581443436,-37.0,12699,0,0.0
HPSS,37,1,6,6,-73.05723705608752,-67.0,12306,0,0.0
HPSS,37,1,7,7,-74.65437795482073,-45.0,13653,0,0.0
HPSS,37,1,8,8,-75.33560988379844,-50.0,13704,0,0.0
HPSS,38,1,0,0,-73.55250829532513,-67.0,10461,0,0.0
HPSS,38,1,1,1,-73.64587229514743,-103.0,15478,0,0.0
HPSS,38,1,2,2,-74.57626260583602,-61.0,11394,0,0.0
HPSS,38,1,3,3,-75.10989084691268,-53.0,14098,0,0.0
HPSS,38,1,4,4,-77.39486116654953,-31.0,13751,0,0.0
HPSS,38,1,5,5,-73.50720632873642,-110.0,13010,0,0.0
HPSS,38,1,6,6,-73.77429858485834,-84.0,11593,0,0.0
HPSS,38,1,7,7,-75.65748841093914,-38.0,12324,0,0.0
HPSS,38,1,8,8,-74.2370048316365,-73.0,12714,0,0.0
HPSS,38,1,9,9,-77.63129739407229,-18.0,14191,0,0.0
HPSS,38,1,10,10,-73.20043804659052,-117.0,11765,0,0.0
HPSS,38,1,11,11,-73.91215844734911,-62.0,9472,0,0.0
HPSS,38,1,12,12,-73.0157417465752,-135.0,12729,0,0.0
HPSS,17,1,0,0,-72.77255849958628,-69.0,13321,0,0.0
HPSS,17,1,1,1,-73.35951268337281,-62.0,12357,0,0.0
HPSS,17,1,2,2,-75.27218542191554,-45.0,12333,0,0.0
HPSS,17,1,3,3,-79.02310631438756,-29.0,12936,0,0.0
HPSS,17,1,4,4,-75.68164464787253,-39.0,10534,0,0.0
HPSS,17,1,5,5,-76.2952483420003,-31.0,13273,0,0.0
HPSS,17,1,6,6,-72.78750479074547,-115.0,11512,0,0.0
HPSS,17,1,7,7,-74.57151402986277,-46.0,11217,0,0.0
HPSS,17,1,8,8,-73.37551573187744,-63.0,10604,0,0.0
HPSS,17,1,9,9,-73.73886285828748,-52.0,11472,0,0.0
HPSS,18,1,0,0,-73.6101572415547,-98.0,12767,0,0.0
HPSS,18,1,1,1,-74.13631440428426,-77.0,12852,0,0.0
HPSS,18,1,2,2,-74.49766632466286,-53.0,11810,0,0.0
HPSS,18,1,3,3,-73.38047346598916,-88.0,11009,0,0.0
HPSS,18,1,4,4,-73.450115982118,-131.0,12971,0,0.0
HPSS,18,1,5,5,-74.88402576822924,-14.0,11711,0,0.0
HPSS,18,1,6,6,-75.7218305432413,-27.0,14572,0,0.0
HPSS,18,1,7,7,-73.33113168999402,-94.0,11024,0,0.0
HPSS,5,1,0,0,-73.4699883339042,-106.0,13923,0,0.0
HPSS,5,1,1,1,-73.66310183312991,-66.0,10177,0,0.0
HPSS,5,1,2,2,-73.39472115764893,-103.0,11069,0,0.0
HPSS,5,1,3,3,-73.94699136134189,-32.0,12457,0,0.0
HPSS,5,1,4,4,-73.20860552022418,-89.0,10496,0,0.0
HPSS,5,1,5,5,-76.3636851512938,-27.0,13950,0,0.0
HPSS,2,1,0,0,-73.57953563425912,-38.0,10360,0,0.0
HPSS,2,1,1,1,-75.81158447993955,-20.0,12870,0,0.0
HPSS,2,1,2,2,-73.44414053892626,-84.0,12245,0,0.0
HPSS,2,1,3,3,-75.78728395467074,-8.0,13270,0,0.0
HPSS,2,1,4,4,-74.74688172548585,-33.0,11805,0,0.0
HPSS,35,1,0,0,-74.13522979434698,-55.0,10965,0,0.0
HPSS,35,1,1,1,-74.7068923871171,-16.0,13080,0,0.0
HPSS,35,1,2,2,-73.81470517594367,-18.0,12154,0,0.0
HPSS,35,1,3,3,-72.80754856242817,-69.0,12320,0,0.0
HPSS,26,1,0,0,-74.61472536969731,-43.0,13259,0,0.0
HPSS,26,1,1,1,-76.26465317744784,-11.0,13392,0,0.0
HPSS,26,1,2,2,-73.99231925981842,-75.0,13452,0,0.0
HPSS,26,1,3,3,-75.71359865435251,-42.0,13010,0,0.0
HPSS,26,1,4,4,-73.99128937318648,-70.0,12484,0,0.0
HPSS,26,1,5,5,-73.08766943041455,-86.0,12447,0,0.0
HPSS,26,1,6,6,-76.22530602673936,-40.0,12134,0,0.0
HPSS,39,1,0,0,-74.57837304946572,-40.0,10486,0,0.0
HPSS,39,1,1,1,-75.79158308262502,-35.0,12435,0,0.0
HPSS,39,1,2,2,-73.83635056307203,-52.0,9951,0,0.0
HPSS,39,1,3,3,-75.62302164549698,-33.0,13807,0,0.0
HPSS,39,1,4,4,-73.388116913438,-113.0,11703,0,0.0
HPSS,39,1,5,5,-76.25074516670789,2.0,10832,0,0.0
HPSS,39,1,6,6,-75.19834918702212,-46.0,13498,0,0.0
HPSS,39,1,7,7,-74.11870820692485,-94.0,10333,0,0.0
HPSS,39,1,8,8,-73.49949323741968,-110.0,10875,0,0.0
HPSS,1,1,0,0,-73.52948423519678,-80.0,11831,0,0.0
HPSS,1,1,1,1,-72.25969925471473,-87.0,10184,0,0.0
HPSS,1,1,2,2,-74.38984866433013,-50.0,11902,0,0.0
HPSS,1,1,3,3,-74.54228710433017,-57.0,12990,0,0.0
HPSS,1,1,4,4,-73.59777409037335,-74.0,12772,0,0.0
HPSS,1,1,5,5,-74.42828798035778,-13.0,10538,0,0.0
HPSS,1,1,6,6,-74.93257926890975,-38.0,12655,0,0.0
HPSS,32,1,0,0,-72.89052264572497,-87.0,11902,0,0.0
HPSS,32,1,1,1,-73.42579353124343,-62.0,13190,0,0.0
HPSS,32,1,2,2,-73.72453240126686,-78.0,11562,0,0.0
HPSS,32,1,3,3,-75.30115157094622,-16.0,10533,0,0.0
HPSS,32,1,4,4,-72.96032414405487,-132.0,14156,0,0.0
HPSS,32,1,5,5,-75.85315200596987,-27.0,13207,0,0.0
HPSS,32,1,6,6,-74.34103824236443,-42.0,12940,0,0.0
HPSS,16,1,0,0,-76.33268921943893,5.0,13037,0,0.0
HPSS,16,1,1,1,-74.53866651627999,-28.0,11416,0,0.0
HPSS,16,1,2,2,-73.68144122653189,-136.0,13405,0,0.0
HPSS,16,1,3,3,-73.91565231689424,-31.0,13403,0,0.0
HPSS,16,1,4,4,-72.84393599068056,-87.0,9989,0,0.0
HPSS,42,1,0,0,-74.4816985044882,-50.0,12027,0,0.0
HPSS,42,1,1,1,-74.64394948334198,-37.0,13496,0,0.0
HPSS,42,1,2,2,-73.59528699599281,-135.0,11931,0,0.0
HPSS,42,1,3,3,-75.35378455026708,-31.0,12849,0,0.0
HPSS,42,1,4,4,-77.10881157848976,-21.0,12278,0,0.0
HPSS,42,1,5,5,-72.92928934937706,-137.0,11815,0,0.0
HPSS,42,1,6,6,-73.92054877466516,-53.0,12609,0,0.0
HPSS,42,1,7,7,-73.27009562115889,-97.0,8905,0,0.0
HPSS,13,1,0,0,-72.472383554302,-122.0,12019,0,0.0
HPSS,13,1,1,1,-74.16020837748847,-30.0,12531,0,0.0
HPSS,13,1,2,2,-72.56625670794314,-98.0,11791,0,0.0
HPSS,13,1,3,3,-76.23455478898244,6.0,11550,0,0.0
HPSS,13,1,4,4,-76.46221155016129,-15.0,12203,0,0.0
HPSS,13,1,5,5,-73.81354030371914,-76.0,12112,0,0.0
HPSS,13,1,6,6,-73.1647362535506,-96.0,12464,0,0.0
HPSS,13,1,7,7,-73.74281308776509,-79.0,12515,0,0.0
HPSS,14,1,0,0,-73.33952001744188,-79.0,11891,0,0.0
HPSS,14,1,1,1,-75.43093316693482,-37.0,11593,0,0.0
HPSS,14,1,2,2,-73.01053582738756,-83.0,11708,0,0.0
HPSS,14,1,3,3,-73.95896910222622,-50.0,12054,0,0.0
HPSS,14,1,4,4,-73.43511450429988,-64.0,11355,0,0.0
HPSS,14,1,5,5,-75.41366299518513,-18.0,12257,0,0.0
GAP,44,1,0,0,-1534.61106463775,24.0,782,0,0.0
GAP,44,1,1,1,-1533.5667394193047,-7.0,139,0,0.0
GAP,44,1,2,2,-1532.4406631291079,-77.0,0,0,0.0
GAP,44,1,3,3,-1533.4821070291414,-31.0,19,0,0.0
GAP,44,1,4,4,-1532.6629006375847,-47.0,23,0,0.0
GAP,50,1,0,0,-1532.6830503644283,-63.0,0,0,0.0
GAP,50,1,1,1,-1533.376418953345,-44.0,2036,0,0.0
GAP,50,1,2,2,-1535.0624862502482,14.0,3046,0,0.0
GAP,50,1,3,3,-1533.6626503496855,4.0,3050,0,0.0
GAP,50,1,4,4,-1533.7691863780728,-30.0,3243,0,0.0
GAP,50,1,5,5,-1533.561824749765,-34.0,4,0,0.0
GAP,50,1,6,6,-1532.5640325066304,-78.0,0,0,0.0
GAP,50,1,7,7,-1533.0632009056499,-51.0,159,0,0.0
GAP,10,1,0,0,-1533.2689928589955,-42.0,611,0,0.0
GAP,10,1,1,1,-1533.5451916836514,-6.0,3213,0,0.0
GAP,10,1,2,2,-1534.3939904895617,2.0,356,0,0.0
GAP,10,1,3,3,-1532.5578661839083,-66.0,394,0,0.0
GAP,10,1,4,4,-1533.3719969985914,-34.0,184,0,0.0
GAP,10,1,5,5,-1532.7653080122898,-49.0,0,0,0.0
GAP,22,1,0,0,-1532.7958885535897,-70.0,212,0,0.0
GAP,22,1,1,1,-1534.1443613949536,8.0,2448,0,0.0
GAP,22,1,2,2,-1533.6368241066605,-33.0,110,0,0.0
GAP,22,1,3,3,-1536.20720891173,15.0,3545,0,0.0
GAP,22,1,4,4,-1534.0337785714164,-12.0,104,0,0.0
GAP,22,1,5,5,-1533.398596734997,-37.0,3,0,0.0
GAP,22,1,6,6,-1532.3622411389115,-76.0,21,0,0.0
GAP,22,1,7,7,-1533.3229580804777,-61.0,134,0,0.0
GAP,22,1,8,8,-1532.843539413321,-71.0,259,0,0.0
GAP,31,1,0,0,-1537.524333887185,6.0,1125,0,0.0
GAP,31,1,1,1,-1534.9136421934068,-2.0,776,0,0.0
GAP,31,1,2,2,-1535.2206467085352,5.0,3410,0,0.0
GAP,31,1,3,3,-1533.7422300322094,-16.0,78,0,0.0
GAP,31,1,4,4,-1534.596946175421,-7.0,66,0,0.0
GAP,31,1,5,5,-1534.2188410219367,-12.0,117,0,0.0
GAP,31,1,6,6,-1533.4049312239704,-54.0,214,0,0.0
GAP,31,1,7,7,-1532.4249031538293,-89.0,0,0,0.0
GAP,31,1,8,8,-1532.6374780548729,-71.0,8,0,0.0
GAP,31,1,9,9,-1532.6105771683208,-84.0,0,0,0.0
GAP,31,1,10,10,-1533.5400711849727,-40.0,33,0,0.0
GAP,31,1,11,11,-1535.0838179004068,-6.0,1335,0,0.0
GAP,15,1,0,0,-1532.5915817651646,-76.0,299,0,0.0
GAP,15,1,1,1,-1535.8090001555574,23.0,3193,0,0.0
GAP,15,1,2,2,-1535.131788934002,4.0,2964,0,0.0
GAP,15,1,3,3,-1535.046318071912,-1.0,3362,0,0.0
GAP,15,1,4,4,-1533.1432410521975,-7.0,1783,0,0.0
GAP,15,1,5,5,-1532.7197384895728,-92.0,0,0,0.0
GAP,15,1,6,6,-1533.0264862553665,-28.0,2721,0,0.0
GAP,41,1,0,0,-1533.3867231873926,-32.0,215,0,0.0
GAP,41,1,1,1,-1532.7501876587692,-54.0,170,0,0.0
GAP,41,1,2,2,-1535.8265708423,36.0,2708,0,0.0
GAP,41,1,3,3,-1533.7911257975495,-22.0,2845,0,0.0
GAP,41,1,4,4,-1534.4595384598979,6.0,3842,0,0.0
GAP,41,1,5,5,-1532.538166581295,-88.0,0,0,0.0
GAP,41,1,6,6,-1534.6008173144166,-4.0,984,0,0.0
GAP,41,1,7,7,-1532.5805751450516,-78.0,1,0,0.0
GAP,41,1,8,8,-1534.3428191702158,-17.0,2635,0,0.0
GAP,48,1,0,0,-1532.9693311796932,-70.0,8,0,0.0
GAP,48,1,1,1,-1533.977609569427,5.0,2528,0,0.0
GAP,48,1,2,2,-1533.909798393874,3.0,3290,0,0.0
GAP,48,1,3,3,-1536.8214880518267,11.0,1745,0,0.0
GAP,48,1,4,4,-1533.6416428011783,-17.0,868,0,0.0
GAP,48,1,5,5,-1533.361300653553,-32.0,1336,0,0.0
GAP,48,1,6,6,-1532.6728231086986,-95.0,0,0,0.0
GAP,48,1,7,7,-1533.0622264509354,-56.0,0,0,0.0
GAP,48,1,8,8,-1532.3573331232815,-110.0,0,0,0.0
GAP,48,1,9,9,-1533.2709907061494,-58.0,0,0,0.0
GAP,48,1,10,10,-1532.7678287114975,-76.0,0,0,0.0
GAP,12,1,0,0,-1534.092030269177,-9.0,239,0,0.0
GAP,12,1,1,1,-1533.8514065956304,-21.0,3180,0,0.0
GAP,12,1,2,2,-1535.6460063095446,3.0,3314,0,0.0
GAP,12,1,3,3,-1532.6944339830795,-53.0,1349,0,0.0
GAP,12,1,4,4,-1533.1352300665937,-50.0,422,0,0.0
GAP,12,1,5,5,-1532.4949352352521,-66.0,0,0,0.0
GAP,12,1,6,6,-1533.2827074339168,-52.0,158,0,0.0
GAP,12,1,7,7,-1532.7192798384572,-74.0,0,0,0.0
GAP,12,1,8,8,-1535.0644031726972,-8.0,3157,0,0.0
GAP,12,1,9,9,-1533.6133127803182,-26.0,334,0,0.0
GAP,6,1,0,0,-1534.2983089231332,-4.0,127,0,0.0
GAP,6,1,1,1,-1537.1096373884143,15.0,1037,0,0.0
GAP,6,1,2,2,-1533.454623798803,-21.0,161,0,0.0
GAP,6,1,3,3,-1533.5135039728198,-43.0,333,0,0.0
GAP,6,1,4,4,-1534.6329774498922,4.0,324,0,0.0
GAP,6,1,5,5,-1535.2032109314437,6.0,3043,0,0.0
GAP,6,1,6,6,-1533.9707363319133,-9.0,196,0,0.0
GAP,6,1,7,7,-1532.5174014265326,-89.0,0,0,0.0
GAP,6,1,8,8,-1534.5289867095485,-7.0,2956,0,0.0
GAP,6,1,9,9,-1532.613389607791,-76.0,0,0,0.0
GAP,6,1,10,10,-1533.0636893621804,-59.0,0,0,0.0
GAP,6,1,11,11,-1532.381600272662,-101.0,0,0,0.0
GAP,6,1,12,12,-1533.1072702050146,-45.0,0,0,0.0
GAP,49,1,0,0,-1533.5000080741,-27.0,223,0,0.0
GAP,49,1,1,1,-1532.795719348003,-69.0,118,0,0.0
GAP,49,1,2,2,-1534.3625478857402,-2.0,538,0,0.0
GAP,49,1,3,3,-1536.8408003263175,6.0,196,0,0.0
GAP,49,1,4,4,-1532.3986550168645,-80.0,0,0,0.0
GAP,49,1,5,5,-1533.332427068702,-49.0,0,0,0.0
GAP,49,1,6,6,-1532.6775762585862,-72.0,0,0,0.0
GAP,49,1,7,7,-1533.1563593045682,-57.0,5,0,0.0
GAP,49,1,8,8,-1532.6112753856446,-128.0,0,0,0.0
GAP,49,1,9,9,-1534.3256950595144,-20.0,29,0,0.0
GAP,27,1,0,0,-1533.812473505569,-23.0,181,0,0.0
GAP,27,1,1,1,-1533.9512916997612,-19.0,2626,0,0.0
GAP,27,1,2,2,-1532.4848533462423,-118.0,0,0,0.0
GAP,27,1,3,3,-1532.628620075348,-72.0,5,0,0.0
GAP,27,1,4,4,-1534.2883361969543,-2.0,3083,0,0.0
GAP,27,1,5,5,-1536.1013564942648,4.0,1443,0,0.0
GAP,27,1,6,6,-1533.4109254525458,-35.0,1978,0,0.0
GAP,27,1,7,7,-1533.2210061233488,-53.0,38,0,0.0
GAP,27,1,8,8,-1532.4973206740053,-95.0,0,0,0.0
GAP,27,1,9,9,-1532.9922422829418,-54.0,0,0,0.0
GAP,47,1,0,0,-1536.403076009118,25.0,1619,0,0.0
GAP,47,1,1,1,-1532.7858973376494,-59.0,88,0,0.0
GAP,47,1,2,2,-1532.6764685532,-64.0,266,0,0.0
GAP,47,1,3,3,-1533.1718125451266,-49.0,0,0,0.0
GAP,47,1,4,4,-1533.1548470742564,-53.0,0,0,0.0
GAP,47,1,5,5,-1533.89617014056,-18.0,24,0,0.0
GAP,47,1,6,6,-1533.645751225068,-37.0,2524,0,0.0
GAP,47,1,7,7,-1533.3372022224064,-56.0,188,0,0.0
GAP,47,1,8,8,-1534.0319023163777,3.0,53,0,0.0
GAP,47,1,9,9,-1532.437190251243,-96.0,12,0,0.0
GAP,45,1,0,0,-1535.2287139775885,7.0,1603,0,0.0
GAP,45,1,1,1,-1532.6203294113443,-70.0,324,0,0.0
GAP,45,1,2,2,-1532.972483024422,-49.0,387,0,0.0
GAP,45,1,3,3,-1533.9987319448594,-14.0,2939,0,0.0
GAP,45,1,4,4,-1534.4238838736492,-3.0,2410,0,0.0
GAP,45,1,5,5,-1533.4533209591361,-28.0,341,0,0.0
GAP,45,1,6,6,-1532.7583043392542,-65.0,4,0,0.0
GAP,45,1,7,7,-1538.280206503505,9.0,3676,0,0.0
GAP,28,1,0,0,-1532.721705955672,-78.0,0,0,0.0
GAP,28,1,1,1,-1533.313430714286,-41.0,1042,0,0.0
GAP,28,1,2,2,-1535.0795495293244,-10.0,713,0,0.0
GAP,28,1,3,3,-1532.5113795387715,-84.0,1081,0,0.0
GAP,28,1,4,4,-1536.7359251336036,20.0,2688,0,0.0
GAP,28,1,5,5,-1536.4999232798543,0.0,3007,0,0.0
GAP,28,1,6,6,-1533.7229997220002,-29.0,2583,0,0.0
GAP,28,1,7,7,-1533.3259501234818,-49.0,0,0,0.0
GAP,28,1,8,8,-1532.868726053472,-63.0,101,0,0.0
GAP,28,1,9,9,-1533.8259205596357,-12.0,2641,0,0.0
GAP,28,1,10,10,-1536.1049483977984,-6.0,3066,0,0.0
GAP,28,1,11,11,-1533.3313854141988,-57.0,230,0,0.0
GAP,28,1,12,12,-1536.8553009929917,2.0,1337,0,0.0
GAP,7,1,0,0,-1533.3652870259239,-44.0,0,0,0.0
GAP,7,1,1,1,-1532.6166073161023,-105.0,4,0,0.0
GAP,7,1,2,2,-1533.9870356248987,15.0,3396,0,0.0
GAP,7,1,3,3,-1533.3108187667297,-45.0,1,0,0.0
GAP,7,1,4,4,-1533.601163527859,-27.0,2735,0,0.0
GAP,7,1,5,5,-1532.7448716461377,-72.0,0,0,0.0
GAP,7,1,6,6,-1532.9965211759823,-57.0,182,0,0.0
GAP,7,1,7,7,-1533.0307888501916,-58.0,80,0,0.0
GAP,7,1,8,8,-1533.727083892714,-33.0,285,0,0.0
GAP,7,1,9,9,-1532.9975195109232,-90.0,1,0,0.0
GAP,7,1,10,10,-1534.4215697657708,-19.0,1486,0,0.0
GAP,36,1,0,0,-1535.6347504017501,4.0,3503,0,0.0
GAP,36,1,1,1,-1533.4731217110634,-28.0,141,0,0.0
GAP,36,1,2,2,-1532.9678171701207,-53.0,85,0,0.0
GAP,36,1,3,3,-1537.0508538288564,6.0,3406,0,0.0
GAP,36,1,4,4,-1532.4865530861678,-88.0,213,0,0.0
GAP,36,1,5,5,-1533.094212735001,-39.0,2565,0,0.0
GAP,36,1,6,6,-1532.7550197069418,-68.0,0,0,0.0
GAP,36,1,7,7,-1534.1964538288662,-22.0,2728,0,0.0
GAP,36,1,8,8,-1532.8510653259054,-57.0,82,0,0.0
GAP,36,1,9,9,-1534.6559375629847,-8.0,2613,0,0.0
GAP,36,1,10,10,-1533.3007029695702,-59.0,145,0,0.0
GAP,46,1,0,0,-1533.2124525001373,-45.0,274,0,0.0
GAP,46,1,1,1,-1538.042316804435,3.0,3000,0,0.0
GAP,46,1,2,2,-1534.1483189948235,-1.0,227,0,0.0
GAP,46,1,3,3,-1532.6931808532013,-73.0,0,0,0.0
GAP,46,1,4,4,-1533.5876229165215,-27.0,82,0,0.0
GAP,46,1,5,5,-1533.4172394917614,-35.0,649,0,0.0
GAP,46,1,6,6,-1532.7653914673233,-46.0,326,0,0.0
GAP,46,1,7,7,-1532.521925328566,-92.0,0,0,0.0
GAP,46,1,8,8,-1532.7985186421088,-66.0,137,0,0.0
GAP,46,1,9,9,-1533.9426426184586,-11.0,3097,0,0.0
GAP,46,1,10,10,-1533.611158485741,-30.0,608,0,0.0
GAP,33,1,0,0,-1533.8314234240388,-23.0,2746,0,0.0
GAP,33,1,1,1,-1532.967121153852,-63.0,276,0,0.0
GAP,33,1,2,2,-1533.5857229069468,-28.0,428,0,0.0
GAP,33,1,3,3,-1533.0758827281468,-54.0,1045,0,0.0
GAP,33,1,4,4,-1532.723546434521,-70.0,339,0,0.0
GAP,33,1,5,5,-1536.3814953009808,23.0,3752,0,0.0
GAP,33,1,6,6,-1532.3820858944457,-89.0,0,0,0.0
GAP,33,1,7,7,-1532.4428320990794,-73.0,1,0,0.0
GAP,33,1,8,8,-1534.105721158543,-3.0,223,0,0.0
GAP,33,1,9,9,-1535.2779742148564,8.0,2710,0,0.0
GAP,33,1,10,10,-1533.5205003223855,-51.0,2116,0,0.0
GAP,4,1,0,0,-1534.0247076370374,-6.0,1792,0,0.0
GAP,4,1,1,1,-1532.5665557896714,-85.0,0,0,0.0
GAP,4,1,2,2,-1536.576273268946,-2.0,2657,0,0.0
GAP,4,1,3,3,-1532.7176705811432,-61.0,0,0,0.0
GAP,4,1,4,4,-1533.776101122332,-24.0,2030,0,0.0
GAP,4,1,5,5,-1535.2629750536207,-5.0,3218,0,0.0
GAP,4,1,6,6,-1533.4056329130156,-55.0,0,0,0.0
GAP,4,1,7,7,-1537.0875401469013,7.0,3404,0,0.0
GAP,4,1,8,8,-1533.5643625248804,-26.0,55,0,0.0
GAP,4,1,9,9,-1532.8111053240589,-66.0,77,0,0.0
GAP,24,1,0,0,-1533.4286259180117,-10.0,134,0,0.0
GAP,24,1,1,1,-1532.618599370029,-94.0,0,0,0.0
GAP,24,1,2,2,-1533.2854509096642,-44.0,1544,0,0.0
GAP,24,1,3,3,-1535.8870060721147,16.0,3348,0,0.0
GAP,24,1,4,4,-1532.6395850248525,-92.0,332,0,0.0
GAP,24,1,5,5,-1537.048425769198,25.0,1058,0,0.0
GAP,24,1,6,6,-1535.1325983462702,1.0,2895,0,0.0
GAP,24,1,7,7,-1532.7189185897194,-70.0,23,0,0.0
GAP,24,1,8,8,-1533.059182168486,-60.0,0,0,0.0
GAP,24,1,9,9,-1533.1057465642139,-68.0,87,0,0.0
GAP,11,1,0,0,-1534.6981723477,-12.0,1190,0,0.0
GAP,11,1,1,1,-1532.7978007202937,-54.0,4,0,0.0
GAP,11,1,2,2,-1533.6239012224955,-29.0,152,0,0.0
GAP,11,1,3,3,-1533.1460868433664,-52.0,49,0,0.0
GAP,11,1,4,4,-1535.3568597379715,11.0,2733,0,0.0
GAP,11,1,5,5,-1533.954920845655,-23.0,3526,0,0.0
GAP,11,1,6,6,-1533.1013006757994,-55.0,298,0,0.0
GAP,11,1,7,7,-1533.9637848284165,-25.0,554,0,0.0
GAP,11,1,8,8,-1532.8693432642951,-56.0,162,0,0.0
GAP,11,1,9,9,-1532.640406866328,-87.0,0,0,0.0
GAP,11,1,10,10,-1532.7015101905768,-91.0,860,0,0.0
GAP,30,1,0,0,-1533.431950663196,-26.0,2912,0,0.0
GAP,30,1,1,1,-1533.6970667671408,-32.0,689,0,0.0
GAP,30,1,2,2,-1535.6878005448539,5.0,485,0,0.0
GAP,30,1,3,3,-1533.0104739406484,-40.0,0,0,0.0
GAP,30,1,4,4,-1537.6281976907574,9.0,2175,0,0.0
GAP,30,1,5,5,-1533.7479073530353,-38.0,9,0,0.0
GAP,30,1,6,6,-1536.4423329607052,7.0,2221,0,0.0
GAP,30,1,7,7,-1534.3271665288682,-12.0,2569,0,0.0
GAP,30,1,8,8,-1532.7803271877567,-79.0,0,0,0.0
GAP,30,1,9,9,-1535.305250921111,-10.0,2562,0,0.0
GAP,30,1,10,10,-1532.9201911668115,-59.0,83,0,0.0
GAP,30,1,11,11,-1532.5395350211681,-116.0,0,0,0.0
GAP,30,1,12,12,-1534.1985717592306,-22.0,784,0,0.0
GAP,19,1,0,0,-1532.8112204347156,-71.0,160,0,0.0
GAP,19,1,1,1,-1534.3329713191433,4.0,404,0,0.0
GAP,19,1,2,2,-1534.0454102900944,0.0,0,0,0.0
GAP,19,1,3,3,-1534.79827067653,5.0,3077,0,0.0
GAP,19,1,4,4,-1533.167957819423,-52.0,173,0,0.0
GAP,19,1,5,5,-1537.4762238934688,21.0,3637,0,0.0
GAP,19,1,6,6,-1533.6743116695707,-30.0,1736,0,0.0
GAP,19,1,7,7,-1532.9779006346253,-56.0,241,0,0.0
GAP,19,1,8,8,-1532.8670888162424,-65.0,257,0,0.0
GAP,19,1,9,9,-1532.9923431839038,-66.0,0,0,0.0
GAP,19,1,10,10,-1532.8010989914094,-89.0,0,0,0.0
GAP,40,1,0,0,-1532.6746550938587,-91.0,325,0,0.0
GAP,40,1,1,1,-1533.2617359369224,-33.0,1891,0,0.0
GAP,40,1,2,2,-1533.8955257622697,4.0,2373,0,0.0
GAP,40,1,3,3,-1532.6027879048731,-107.0,0,0,0.0
GAP,40,1,4,4,-1533.0861708475154,-55.0,2161,0,0.0
GAP,40,1,5,5,-1533.710744049939,-18.0,307,0,0.0
GAP,40,1,6,6,-1532.9550337071673,-60.0,66,0,0.0
GAP,40,1,7,7,-1532.750102681084,-76.0,1,0,0.0
GAP,40,1,8,8,-1534.748584455449,20.0,3040,0,0.0
GAP,40,1,9,9,-1533.311109886645,-50.0,693,0,0.0
GAP,43,1,0,0,-1535.193763767574,-6.0,2271,0,0.0
GAP,43,1,1,1,-1533.4802721981744,-28.0,246,0,0.0
GAP,43,1,2,2,-1533.8388991835109,-27.0,2909,0,0.0
GAP,43,1,3,3,-1533.4231461106874,-50.0,0,0,0.0
GAP,43,1,4,4,-1532.6956828252592,-91.0,0,0,0.0
GAP,43,1,5,5,-1534.0484536396227,-11.0,2397,0,0.0
GAP,43,1,6,6,-1533.2792449366286,-58.0,1663,0,0.0
GAP,43,1,7,7,-1532.8537728509204,-68.0,73,0,0.0
GAP,43,1,8,8,-1536.4293399737908,9.0,288,0,0.0
GAP,43,1,9,9,-1533.559684410249,-35.0,1741,0,0.0
GAP,43,1,10,10,-1535.3771889400257,8.0,3764,0,0.0
GAP,23,1,0,0,-1534.420986395292,-4.0,97,0,0.0
GAP,23,1,1,1,-1533.4836642575938,-39.0,800,0,0.0
GAP,23,1,2,2,-1532.8042633071213,-58.0,182,0,0.0
GAP,23,1,3,3,-1533.015887818113,-50.0,154,0,0.0
GAP,23,1,4,4,-1534.71994549085,9.0,2996,0,0.0
GAP,23,1,5,5,-1533.2665250119746,-46.0,0,0,0.0
GAP,23,1,6,6,-1533.6199422288353,-36.0,2227,0,0.0
GAP,23,1,7,7,-1533.8219513946829,-37.0,485,0,0.0
GAP,23,1,8,8,-1534.164288693708,-6.0,1948,0,0.0
GAP,25,1,0,0,-1534.0962277946276,-8.0,171,0,0.0
GAP,25,1,1,1,-1537.9119084347062,5.0,3224,0,0.0
GAP,25,1,2,2,-1538.366618710509,20.0,3247,0,0.0
GAP,25,1,3,3,-1533.1456704227876,-35.0,703,0,0.0
GAP,25,1,4,4,-1532.8380284032219,-73.0,306,0,0.0
GAP,25,1,5,5,-1533.1927101166414,-53.0,186,0,0.0
GAP,25,1,6,6,-1535.2105258742042,0.0,2977,0,0.0
GAP,25,1,7,7,-1532.9441405823661,-55.0,279,0,0.0
GAP,25,1,8,8,-1532.5844354803255,-88.0,0,0,0.0
GAP,25,1,9,9,-1532.8399908208992,-80.0,10,0,0.0
GAP,21,1,0,0,-1536.7435028807622,2.0,2738,0,0.0
GAP,21,1,1,1,-1533.4863279583474,-40.0,2689,0,0.0
GAP,21,1,2,2,-1534.5058594354573,-10.0,2508,0,0.0
GAP,21,1,3,3,-1533.0006508636989,-60.0,1356,0,0.0
GAP,21,1,4,4,-1533.1114810337203,-43.0,0,0,0.0
GAP,21,1,5,5,-1533.6348834130665,-12.0,123,0,0.0
GAP,21,1,6,6,-1532.633870092106,-104.0,0,0,0.0
GAP,21,1,7,7,-1533.2055618917725,-56.0,620,0,0.0
GAP,21,1,8,8,-1534.7739797303523,-3.0,3346,0,0.0
GAP,21,1,9,9,-1532.6465389477694,-69.0,220,0,0.0
GAP,21,1,10,10,-1533.7490057826012,-23.0,141,0,0.0
GAP,34,1,0,0,-1533.6413216337853,-17.0,1334,0,0.0
GAP,34,1,1,1,-1533.8641419806493,-5.0,2489,0,0.0
GAP,34,1,2,2,-1533.0190619459981,-40.0,764,0,0.0
GAP,34,1,3,3,-1532.383121730758,-95.0,0,0,0.0
GAP,34,1,4,4,-1535.2824090373708,20.0,3574,0,0.0
GAP,34,1,5,5,-1533.344482235106,-30.0,2644,0,0.0
GAP,34,1,6,6,-1533.3670525457223,-39.0,1686,0,0.0
GAP,34,1,7,7,-1532.54980342791,-78.0,985,0,0.0
GAP,34,1,8,8,-1532.7388506654972,-77.0,2629,0,0.0
GAP,34,1,9,9,-1532.850230070289,-74.0,23,0,0.0
GAP,34,1,10,10,-1533.5484774841107,-24.0,349,0,0.0
GAP,34,1,11,11,-1534.552780113286,3.0,3367,0,0.0
GAP,34,1,12,12,-1535.5446434336975,4.0,3319,0,0.0
GAP,34,1,13,13,-1532.764326585131,-86.0,0,0,0.0
GAP,34,1,14,14,-1533.6903958952662,-53.0,125,0,0.0
GAP,8,1,0,0,-1535.7599343006148,-12.0,173,0,0.0
GAP,8,1,1,1,-1534.9256041227918,-14.0,319,0,0.0
GAP,8,1,2,2,-1534.0115594750757,-19.0,1643,0,0.0
GAP,8,1,3,3,-1536.1172610545261,-9.0,26,0,0.0
GAP,8,1,4,4,-1532.6554263961561,-62.0,0,0,0.0
GAP,8,1,5,5,-1536.9394832335474,10.0,3278,0,0.0
GAP,8,1,6,6,-1532.903107988505,-26.0,456,0,0.0
GAP,8,1,7,7,-1532.7182500004442,-105.0,0,0,0.0
GAP,8,1,8,8,-1536.6554178379904,9.0,1859,0,0.0
GAP,8,1,9,9,-1534.332182793189,-21.0,1648,0,0.0
GAP,29,1,0,0,-1532.7502622823624,-59.0,148,0,0.0
GAP,29,1,1,1,-1533.7822101676006,-27.0,672,0,0.0
GAP,29,1,2,2,-1532.6332074905047,-87.0,455,0,0.0
GAP,29,1,3,3,-1532.7012513341945,-75.0,0,0,0.0
GAP,29,1,4,4,-1536.971071918062,5.0,2304,0,0.0
GAP,29,1,5,5,-1533.2833632219235,-30.0,1331,0,0.0
GAP,29,1,6,6,-1532.9429033820136,-65.0,191,0,0.0
GAP,29,1,7,7,-1532.5886471516328,-110.0,282,0,0.0
GAP,29,1,8,8,-1533.9512413955597,-21.0,1233,0,0.0
GAP,29,1,9,9,-1533.001135224321,-64.0,0,0,0.0
GAP,29,1,10,10,-1534.2159368451662,4.0,714,0,0.0
GAP,20,1,0,0,-1533.5882302545274,-16.0,1871,0,0.0
GAP,20,1,1,1,-1533.8452129057246,-18.0,0,0,0.0
GAP,20,1,2,2,-1533.037384518644,-51.0,193,0,0.0
GAP,20,1,3,3,-1534.8366540900217,18.0,124,0,0.0
GAP,20,1,4,4,-1532.5330070104146,-60.0,0,0,0.0
GAP,20,1,5,5,-1533.5654915746277,-40.0,174,0,0.0
GAP,20,1,6,6,-1533.8985404724422,-12.0,2426,0,0.0
GAP,20,1,7,7,-1532.449885145591,-109.0,0,0,0.0
GAP,20,1,8,8,-1533.9368662118143,-7.0,2512,0,0.0
GAP,3,1,0,0,-1533.5244940765374,-17.0,2532,0,0.0
GAP,3,1,1,1,-1533.049918386717,-41.0,168,0,0.0
GAP,3,1,2,2,-1532.3653348543796,-106.0,0,0,0.0
GAP,3,1,3,3,-1536.2171507947103,14.0,3158,0,0.0
GAP,3,1,4,4,-1535.0462253899452,5.0,2214,0,0.0
GAP,3,1,5,5,-1534.4169933519995,4.0,3230,0,0.0
GAP,3,1,6,6,-1534.3739390848204,2.0,471,0,0.0
GAP,3,1,7,7,-1532.756781868579,-60.0,67,0,0.0
GAP,3,1,8,8,-1532.6828043475289,-73.0,676,0,0.0
GAP,3,1,9,9,-1532.9448874731215,-71.0,99,0,0.0
GAP,3,1,10,10,-1533.7912692189839,-11.0,2914,0,0.0
GAP,9,1,0,0,-1534.0503435187031,-27.0,627,0,0.0
GAP,9,1,1,1,-1533.5616927758222,-31.0,1515,0,0.0
GAP,9,1,2,2,-1535.4116602827355,22.0,3145,0,0.0
GAP,9,1,3,3,-1533.324016001597,-42.0,1997,0,0.0
GAP,9,1,4,4,-1532.5151591138365,-89.0,5,0,0.0
GAP,9,1,5,5,-1534.074595396617,-25.0,734,0,0.0
GAP,9,1,6,6,-1532.6833376136672,-75.0,83,0,0.0
GAP,9,1,7,7,-1533.9840374916462,-32.0,529,0,0.0
GAP,9,1,8,8,-1535.0429148060223,-14.0,382,0,0.0
GAP,9,1,9,9,-1534.288467064598,-20.0,2879,0,0.0
GAP,9,1,10,10,-1533.0280487065959,-56.0,289,0,0.0
GAP,9,1,11,11,-1533.1664715359884,-43.0,1428,0,0.0
GAP,9,1,12,12,-1534.6744148289042,-21.0,3314,0,0.0
GAP,9,1,13,13,-1535.379828926309,-3.0,1262,0,0.0
GAP,9,1,14,14,-1534.3212292295316,-22.0,2580,0,0.0
GAP,9,1,15,15,-1532.883088175093,-82.0,360,0,0.0
GAP,37,1,0,0,-1533.0504217671435,-55.0,5,0,0.0
GAP,37,1,1,1,-1532.5938666595505,-74.0,0,0,0.0
GAP,37,1,2,2,-1532.5132053705893,-100.0,0,0,0.0
GAP,37,1,3,3,-1534.2956351782982,-2.0,3337,0,0.0
GAP,37,1,4,4,-1533.3471524842635,-5.0,1727,0,0.0
GAP,37,1,5,5,-1538.7134641125895,1.0,3513,0,0.0
GAP,37,1,6,6,-1533.2743357983295,-40.0,325,0,0.0
GAP,37,1,7,7,-1532.7871555616541,-62.0,147,0,0.0
GAP,37,1,8,8,-1532.4874510258303,-98.0,0,0,0.0
GAP,38,1,0,0,-1534.3740451450412,25.0,2421,0,0.0
GAP,38,1,1,1,-1534.0376705399617,-12.0,2451,0,0.0
GAP,38,1,2,2,-1532.7129075186322,-79.0,583,0,0.0
GAP,38,1,3,3,-1532.7970959158033,-99.0,0,0,0.0
GAP,38,1,4,4,-1533.6283637857373,-27.0,27,0,0.0
GAP,38,1,5,5,-1532.9744919116906,-29.0,164,0,0.0
GAP,38,1,6,6,-1532.5375511252141,-104.0,0,0,0.0
GAP,38,1,7,7,-1533.4375342578987,-66.0,41,0,0.0
GAP,38,1,8,8,-1532.86393282878,-75.0,2128,0,0.0
GAP,17,1,0,0,-1534.5335887491942,-8.0,3220,0,0.0
GAP,17,1,1,1,-1533.456666341605,-31.0,153,0,0.0
GAP,17,1,2,2,-1532.6189465858047,-74.0,1,0,0.0
GAP,17,1,3,3,-1533.5961385810888,-21.0,1639,0,0.0
GAP,17,1,4,4,-1532.5043286327336,-82.0,39,0,0.0
GAP,17,1,5,5,-1532.9852483799477,-42.0,31,0,0.0
GAP,17,1,6,6,-1535.2919716490353,15.0,3131,0,0.0
GAP,17,1,7,7,-1533.0543927331946,-48.0,497,0,0.0
GAP,17,1,8,8,-1532.8091200915217,-60.0,229,0,0.0
GAP,17,1,9,9,-1533.3068001651773,-34.0,2491,0,0.0
GAP,18,1,0,0,-1535.0960980320551,-4.0,1744,0,0.0
GAP,18,1,1,1,-1535.2072685522623,-2.0,3724,0,0.0
GAP,18,1,2,2,-1536.1332737977311,9.0,1951,0,0.0
GAP,18,1,3,3,-1532.7072673398484,-84.0,25,0,0.0
GAP,18,1,4,4,-1532.4240981259152,-97.0,0,0,0.0
GAP,18,1,5,5,-1532.9576222209607,-72.0,0,0,0.0
GAP,18,1,6,6,-1535.0687013317925,-14.0,51,0,0.0
GAP,18,1,7,7,-1537.9532380685812,12.0,3426,0,0.0
GAP,18,1,8,8,-1533.9565185136282,-21.0,367,0,0.0
GAP,18,1,9,9,-1532.9476393767745,-83.0,350,0,0.0
GAP,18,1,10,10,-1536.0718450963363,-1.0,147,0,0.0
GAP,18,1,11,11,-1533.1019986552826,-30.0,154,0,0.0
GAP,18,1,12,12,-1533.9379534169307,-16.0,629,0,0.0
GAP,18,1,13,13,-1533.12961523624,-77.0,0,0,0.0
GAP,5,1,0,0,-1536.2564458307847,25.0,1898,0,0.0
GAP,5,1,1,1,-1532.3934674418113,-98.0,0,0,0.0
GAP,5,1,2,2,-1533.3169777436767,-47.0,1330,0,0.0
GAP,5,1,3,3,-1532.8916762258093,-59.0,467,0,0.0
GAP,5,1,4,4,-1535.2246857657908,8.0,0,0,0.0
GAP,5,1,5,5,-1533.5693749540303,3.0,2874,0,0.0
GAP,5,1,6,6,-1532.659420260029,-67.0,77,0,0.0
GAP,5,1,7,7,-1533.5411145626574,-39.0,7,0,0.0
GAP,5,1,8,8,-1533.6214958125304,-45.0,4,0,0.0
GAP,5,1,9,9,-1533.9620441843103,-38.0,3531,0,0.0
GAP,2,1,0,0,-1533.5634779458976,-30.0,1784,0,0.0
GAP,2,1,1,1,-1533.2713125327782,-37.0,0,0,0.0
GAP,2,1,2,2,-1533.566002145536,-33.0,401,0,0.0
GAP,2,1,3,3,-1533.7886334763427,16.0,1598,0,0.0
GAP,2,1,4,4,-1532.6571816413966,-66.0,0,0,0.0
GAP,2,1,5,5,-1532.9459831226002,-46.0,366,0,0.0
GAP,2,1,6,6,-1532.5952807496267,-89.0,0,0,0.0
GAP,2,1,7,7,-1532.9611154516272,-54.0,293,0,0.0
GAP,35,1,0,0,-1533.7637049811008,-23.0,5,0,0.0
GAP,35,1,1,1,-1534.556191584111,-4.0,2786,0,0.0
GAP,35,1,2,2,-1533.103704724258,-40.0,789,0,0.0
GAP,35,1,3,3,-1533.3624853366523,-41.0,153,0,0.0
GAP,35,1,4,4,-1535.110462153683,3.0,1288,0,0.0
GAP,35,1,5,5,-1533.194292564717,-67.0,113,0,0.0
GAP,35,1,6,6,-1534.073578888088,-10.0,3521,0,0.0
GAP,35,1,7,7,-1532.5768775161769,-87.0,1230,0,0.0
GAP,26,1,0,0,-1537.4009749925192,4.0,2926,0,0.0
GAP,26,1,1,1,-1537.21928143656,1.0,3492,0,0.0
GAP,26,1,2,2,-1532.7608767415288,-70.0,0,0,0.0
GAP,26,1,3,3,-1533.0012287357413,-63.0,148,0,0.0
GAP,26,1,4,4,-1533.9122525394682,-3.0,30,0,0.0
GAP,26,1,5,5,-1533.24317300014,-49.0,3069,0,0.0
GAP,26,1,6,6,-1536.5376635644334,0.0,3020,0,0.0
GAP,26,1,7,7,-1532.4462188158923,-97.0,0,0,0.0
GAP,26,1,8,8,-1533.2651679502808,-18.0,187,0,0.0
GAP,26,1,9,9,-1533.1263430459958,-62.0,557,0,0.0
GAP,39,1,0,0,-1532.8469235779564,-65.0,375,0,0.0
GAP,39,1,1,1,-1532.6575168269148,-83.0,274,0,0.0
GAP,39,1,2,2,-1532.9819151921274,-74.0,511,0,0.0
GAP,39,1,3,3,-1532.7459608371366,-81.0,57,0,0.0
GAP,39,1,4,4,-1533.1769142035748,-59.0,567,0,0.0
GAP,39,1,5,5,-1536.500396219185,3.0,3111,0,0.0
GAP,39,1,6,6,-1534.4059648355374,0.0,448,0,0.0
GAP,39,1,7,7,-1533.7408999669465,-22.0,154,0,0.0
GAP,1,1,0,0,-1533.7992733809938,-14.0,117,0,0.0
GAP,1,1,1,1,-1532.7249369233866,-70.0,133,0,0.0
GAP,1,1,2,2,-1536.8972452829505,25.0,826,0,0.0
GAP,1,1,3,3,-1532.574317431819,-78.0,0,0,0.0
GAP,1,1,4,4,-1532.4670476341978,-87.0,0,0,0.0
GAP,1,1,5,5,-1534.8009872185662,22.0,3832,0,0.0
GAP,1,1,6,6,-1534.8164896573433,8.0,3367,0,0.0
GAP,1,1,7,7,-1533.4024819590293,-30.0,628,0,0.0
GAP,1,1,8,8,-1533.6889525436764,-32.0,1128,0,0.0
GAP,1,1,9,9,-1533.276548253123,-56.0,185,0,0.0
GAP,32,1,0,0,-1536.0612539230253,7.0,2769,0,0.0
GAP,32,1,1,1,-1534.5399481471818,-16.0,160,0,0.0
GAP,32,1,2,2,-1532.7977944274023,-56.0,112,0,0.0
GAP,32,1,3,3,-1534.6902259103688,1.0,2703,0,0.0
GAP,32,1,4,4,-1532.4863774702028,-97.0,0,0,0.0
GAP,32,1,5,5,-1532.9006783961631,-55.0,0,0,0.0
GAP,32,1,6,6,-1533.3701060463156,-26.0,2901,0,0.0
GAP,16,1,0,0,-1534.0588443346303,-6.0,3459,0,0.0
GAP,16,1,1,1,-1532.502536860442,-101.0,39,0,0.0
GAP,16,1,2,2,-1532.7559710334467,-57.0,1118,0,0.0
GAP,16,1,3,3,-1534.908389264824,3.0,3725,0,0.0
GAP,16,1,4,4,-1533.7839613487472,-19.0,2514,0,0.0
GAP,16,1,5,5,-1533.1240343399545,-31.0,925,0,0.0
GAP,16,1,6,6,-1533.4980427824469,-40.0,0,0,0.0
GAP,16,1,7,7,-1533.1010709688508,-49.0,1,0,0.0
GAP,16,1,8,8,-1537.7061790344628,12.0,3799,0,0.0
GAP,16,1,9,9,-1532.7370037990252,-73.0,54,0,0.0
GAP,42,1,0,0,-1534.7289693353598,0.0,3282,0,0.0
GAP,42,1,1,1,-1532.4556034583718,-98.0,0,0,0.0
GAP,42,1,2,2,-1532.6255466449086,-77.0,385,0,0.0
GAP,42,1,3,3,-1534.2898742045077,-11.0,1584,0,0.0
GAP,42,1,4,4,-1532.8124370299893,-68.0,138,0,0.0
GAP,42,1,5,5,-1537.7772128316262,7.0,3273,0,0.0
GAP,42,1,6,6,-1533.0064016358822,-55.0,0,0,0.0
GAP,42,1,7,7,-1533.3057029294803,-33.0,3398,0,0.0
GAP,42,1,8,8,-1534.6619415734756,-6.0,2901,0,0.0
GAP,42,1,9,9,-1533.872615834861,-22.0,289,0,0.0
GAP,42,1,10,10,-1533.258945214507,-60.0,0,0,0.0
GAP,42,1,11,11,-1533.5790933410563,-26.0,2789,0,0.0
GAP,13,1,0,0,-1533.3328891467438,-51.0,658,0,0.0
GAP,13,1,1,1,-1532.7938948277947,-62.0,0,0,0.0
GAP,13,1,2,2,-1534.0980595239814,-1.0,242,0,0.0
GAP,13,1,3,3,-1535.7936274535443,8.0,515,0,0.0
GAP,13,1,4,4,-1533.4427882132507,-30.0,7,0,0.0
GAP,13,1,5,5,-1533.240223436063,-57.0,13,0,0.0
GAP,13,1,6,6,-1536.805308073574,12.0,3156,0,0.0
GAP,13,1,7,7,-1533.2771142821646,-52.0,553,0,0.0
GAP,13,1,8,8,-1534.1508600358113,-14.0,133,0,0.0
GAP,13,1,9,9,-1532.473270206837,-124.0,0,0,0.0
GAP,13,1,10,10,-1533.6391475436756,-50.0,2859,0,0.0
GAP,13,1,11,11,-1534.3548835591168,3.0,2638,0,0.0
GAP,13,1,12,12,-1532.828771250425,-67.0,55,0,0.0
GAP,14,1,0,0,-1533.785121725298,-31.0,195,0,0.0
GAP,14,1,1,1,-1534.473152644174,-3.0,3152,0,0.0
GAP,14,1,2,2,-1533.9436764912493,-6.0,2491,0,0.0
GAP,14,1,3,3,-1535.1271839784117,5.0,534,0,0.0
GAP,14,1,4,4,-1532.9762796973637,-53.0,0,0,0.0
GAP,14,1,5,5,-1533.144358121919,-32.0,8,0,0.0
GAP,14,1,6,6,-1532.8711090911481,-126.0,0,0,0.0
