Approach,Subject,Run,GD,GDP,HV,GS,CI,UNFR,SP,CS,CSunique
OPAM,CCS,1,0.009524,0.007875,0.874696,0.560025,0.036765,0.333333,0.089211,0.762264,0.333333
OPAM,CCS,2,0.005946,0.002403,0.870073,0.535488,0.043478,0.333333,0.058922,0.762264,0.333333
OPAM,CCS,3,0.006199,0.004861,0.870756,0.645934,0.023364,0.333333,0.117910,0.615094,0.333333
OPAM,CCS,4,0.005911,0.005911,0.874116,0.550624,0.008523,0.333333,0.076930,0.347170,0.333333
OPAM,CCS,5,0.009533,0.004112,0.875136,0.620019,0.036765,0.333333,0.053701,0.762264,0.333333
OPAM,CCS,6,0.015529,0.012986,0.874069,0.465279,0.078947,0.444444,0.086485,0.879245,0.444444
OPAM,CCS,7,0.009095,0.003014,0.873638,0.533591,0.089744,0.444444,0.059519,0.879245,0.444444
OPAM,CCS,8,0.016783,0.012419,0.854838,0.556734,0.017241,0.222222,0.049905,0.577358,0.222222
OPAM,CCS,9,0.035976,0.035976,0.788976,0.132429,0.021368,0.222222,0.162905,0.577358,0.222222
OPAM,CCS,10,0.019404,0.015584,0.867546,0.309458,0.024752,0.444444,0.089039,0.637736,0.444444
OPAM,CCS,11,0.024703,0.021852,0.866058,0.599328,0.007979,0.222222,0.073986,0.301887,0.222222
OPAM,CCS,12,0.012023,0.009240,0.870335,0.688138,0.052632,0.444444,0.056157,0.807547,0.444444
OPAM,CCS,13,0.017222,0.016354,0.874874,0.464555,0.045455,0.444444,0.059293,0.773585,0.444444
OPAM,CCS,14,0.010589,0.006728,0.863083,0.718753,0.052632,0.444444,0.022078,0.807547,0.444444
OPAM,CCS,15,0.006743,0.001277,0.876558,0.729365,0.049180,0.444444,0.037901,0.792453,0.444444
OPAM,CCS,16,0.008148,0.002688,0.872955,0.401505,0.100000,0.444444,0.143249,0.879245,0.444444
OPAM,CCS,17,0.022319,0.017611,0.823479,0.526984,0.000000,0.000000,0.075812,0.000000,0.000000
OPAM,CCS,18,0.008712,0.001394,0.871814,0.694640,0.137931,0.666667,0.055236,0.920755,0.666667
OPAM,CCS,19,0.001005,0.001005,0.877148,0.834590,0.097222,0.555556,0.034004,0.890566,0.555556
OPAM,CCS,20,0.006842,0.005658,0.867069,0.491147,0.089744,0.444444,0.065988,0.879245,0.444444
OPAM,CCS,21,0.017088,0.015902,0.832688,0.502779,0.029070,0.333333,0.064205,0.694340,0.333333
OPAM,CCS,22,0.005938,0.002382,0.875370,0.852697,0.093750,0.555556,0.091118,0.901887,0.555556
OPAM,CCS,23,0.009722,0.004533,0.866320,0.337788,0.004587,0.111111,0.107836,0.184906,0.111111
OPAM,CCS,24,0.022293,0.022293,0.870578,0.459731,0.017241,0.222222,0.081313,0.577358,0.222222
OPAM,CCS,25,0.005530,0.001174,0.875735,0.610495,0.078947,0.444444,0.056556,0.879245,0.444444
OPAM,CCS,26,0.026327,0.020595,0.861267,0.302954,0.011905,0.333333,0.086385,0.381132,0.333333
OPAM,CCS,27,0.005936,0.002557,0.874116,0.881857,0.052632,0.444444,0.018576,0.807547,0.444444
OPAM,CCS,28,0.029260,0.027285,0.848671,0.484295,0.000000,0.000000,0.061400,0.000000,0.000000
OPAM,CCS,29,0.014976,0.014976,0.855381,0.578332,0.010949,0.333333,0.162929,0.494340,0.333333
OPAM,CCS,30,0.003857,0.000730,0.877344,0.470318,0.166667,0.666667,0.060878,0.932075,0.666667
OPAM,CCS,31,0.004980,0.003163,0.870999,0.783415,0.023148,0.444444,0.036405,0.611321,0.444444
OPAM,CCS,32,0.025102,0.019935,0.845911,0.086947,0.010753,0.111111,0.109115,0.313208,0.111111
OPAM,CCS,33,0.025364,0.022227,0.865441,0.309639,0.011029,0.222222,0.096127,0.498113,0.222222
OPAM,CCS,34,0.014143,0.009038,0.869016,0.576550,0.014493,0.333333,0.061823,0.494340,0.333333
OPAM,CCS,35,0.018796,0.005539,0.870822,0.485232,0.033654,0.444444,0.058681,0.633962,0.444444
OPAM,CCS,36,0.005446,0.000869,0.875931,0.736986,0.112903,0.555556,0.040048,0.909434,0.555556
OPAM,CCS,37,0.012385,0.004517,0.874237,0.579615,0.005348,0.222222,0.047994,0.301887,0.222222
OPAM,CCS,38,0.007057,0.005917,0.872712,0.466305,0.036765,0.333333,0.050139,0.762264,0.333333
OPAM,CCS,39,0.001186,0.001186,0.871374,0.131215,0.036765,0.333333,0.136359,0.762264,0.333333
OPAM,CCS,40,0.024851,0.022313,0.850936,0.514739,0.036082,0.444444,0.112922,0.660377,0.444444
OPAM,CCS,41,0.019082,0.017103,0.863934,0.402306,0.036765,0.333333,0.071711,0.762264,0.333333
OPAM,CCS,42,0.009888,0.006213,0.872272,0.611309,0.036765,0.333333,0.088307,0.762264,0.333333
OPAM,CCS,43,0.003915,0.000732,0.873648,0.365282,0.056452,0.444444,0.051010,0.792453,0.444444
OPAM,CCS,44,0.037524,0.035250,0.867378,0.416524,0.025253,0.444444,0.126964,0.645283,0.444444
OPAM,CCS,45,0.020094,0.015736,0.864308,0.591243,0.008523,0.333333,0.070039,0.347170,0.333333
OPAM,CCS,46,0.005695,0.002114,0.875042,0.686427,0.200000,0.666667,0.047937,0.954717,0.666667
OPAM,CCS,47,0.003848,0.000408,0.855128,0.830134,0.100000,0.444444,0.016730,0.879245,0.444444
OPAM,CCS,48,0.011609,0.004053,0.866732,0.495786,0.013333,0.222222,0.000000,0.449057,0.222222
OPAM,CCS,49,0.026807,0.022330,0.857982,0.497980,0.006536,0.222222,0.071759,0.430189,0.222222
OPAM,CCS,50,0.006700,0.001069,0.876071,0.671944,0.078947,0.444444,0.043748,0.879245,0.444444
RS,CCS,1,0.033996,0.030365,0.805587,0.354015,0.000000,0.000000,0.073656,0.000000,0.000000
RS,CCS,2,0.019071,0.019071,0.834512,0.164311,0.000000,0.000000,0.049384,0.000000,0.000000
RS,CCS,3,0.038616,0.038569,0.781799,0.463636,0.000000,0.000000,0.102518,0.000000,0.000000
RS,CCS,4,0.060733,0.060733,0.819100,0.501606,0.002551,0.111111,0.163501,0.264151,0.111111
RS,CCS,5,0.028762,0.021850,0.806214,0.635862,0.000000,0.000000,0.174835,0.000000,0.000000
RS,CCS,6,0.021845,0.012206,0.839491,0.739033,0.000000,0.000000,0.163447,0.000000,0.000000
RS,CCS,7,0.026541,0.023547,0.816901,0.872112,0.002551,0.111111,0.198072,0.264151,0.111111
RS,CCS,8,0.045658,0.041504,0.806232,0.439961,0.000000,0.000000,0.074783,0.000000,0.000000
RS,CCS,9,0.029854,0.026210,0.861080,0.700252,0.002304,0.111111,0.097945,0.184906,0.111111
RS,CCS,10,0.049959,0.049196,0.818435,0.289655,0.000000,0.000000,0.053539,0.000000,0.000000
RS,CCS,11,0.023720,0.014951,0.833492,0.465981,0.001901,0.111111,0.201536,0.011321,0.111111
RS,CCS,12,0.036650,0.029982,0.828112,0.270219,0.000000,0.000000,0.048635,0.000000,0.000000
RS,CCS,13,0.030923,0.027167,0.838433,0.441141,0.000000,0.000000,0.132917,0.000000,0.000000
RS,CCS,14,0.033072,0.027317,0.838536,0.614079,0.000000,0.000000,0.100332,0.000000,0.000000
RS,CCS,15,0.045510,0.041189,0.825903,0.261159,0.000000,0.000000,0.047809,0.000000,0.000000
RS,CCS,16,0.034885,0.029786,0.814720,0.378280,0.000000,0.000000,0.058094,0.000000,0.000000
RS,CCS,17,0.036084,0.035121,0.833446,0.244404,0.000000,0.000000,0.016052,0.000000,0.000000
RS,CCS,18,0.038512,0.036412,0.829899,0.628062,0.000000,0.000000,0.118794,0.000000,0.000000
RS,CCS,19,0.036197,0.032336,0.813794,0.539128,0.000000,0.000000,0.077693,0.000000,0.000000
RS,CCS,20,0.027566,0.023556,0.807505,0.538503,0.000000,0.000000,0.166402,0.000000,0.000000
RS,CCS,21,0.034927,0.034490,0.816526,0.445736,0.000000,0.000000,0.127393,0.000000,0.000000
RS,CCS,22,0.046906,0.045685,0.783418,0.343144,0.000000,0.000000,0.065479,0.000000,0.000000
RS,CCS,23,0.062959,0.062357,0.797483,0.393968,0.000000,0.000000,0.123667,0.000000,0.000000
RS,CCS,24,0.052309,0.047757,0.759031,0.700338,0.002732,0.111111,0.283549,0.313208,0.111111
RS,CCS,25,0.046396,0.045148,0.801235,0.681082,0.000000,0.000000,0.074684,0.000000,0.000000
RS,CCS,26,0.066759,0.061728,0.780236,0.580161,0.000000,0.000000,0.152350,0.000000,0.000000
RS,CCS,27,0.029819,0.029819,0.825669,0.145967,0.000000,0.000000,0.069417,0.000000,0.000000
RS,CCS,28,0.040497,0.036942,0.829796,0.331783,0.000000,0.000000,0.038379,0.000000,0.000000
RS,CCS,29,0.038418,0.036189,0.800253,0.574656,0.000000,0.000000,0.130923,0.000000,0.000000
RS,CCS,30,0.062030,0.060898,0.762343,0.350111,0.000000,0.000000,0.106939,0.000000,0.000000
RS,CCS,31,0.025980,0.020935,0.836758,0.594466,0.002304,0.111111,0.278380,0.184906,0.111111
RS,CCS,32,0.042852,0.037592,0.770082,0.576884,0.000000,0.000000,0.224292,0.000000,0.000000
RS,CCS,33,0.022294,0.018603,0.831902,0.809071,0.002732,0.111111,0.260424,0.313208,0.111111
RS,CCS,34,0.055545,0.052854,0.794666,0.416293,0.000000,0.000000,0.131481,0.000000,0.000000
RS,CCS,35,0.063502,0.063103,0.810284,0.562956,0.002551,0.111111,0.168809,0.264151,0.111111
RS,CCS,36,0.045263,0.040974,0.812268,0.394047,0.000000,0.000000,0.254835,0.000000,0.000000
RS,CCS,37,0.051032,0.049564,0.774396,0.496479,0.000000,0.000000,0.107979,0.000000,0.000000
RS,CCS,38,0.046892,0.045332,0.815768,0.693206,0.000000,0.000000,0.157414,0.000000,0.000000
RS,CCS,39,0.046125,0.043224,0.821280,0.379913,0.000000,0.000000,0.060468,0.000000,0.000000
RS,CCS,40,0.039180,0.039024,0.807290,0.376281,0.000000,0.000000,0.053764,0.000000,0.000000
RS,CCS,41,0.020450,0.011105,0.835663,0.676062,0.000000,0.000000,0.190707,0.000000,0.000000
RS,CCS,42,0.039609,0.036648,0.829197,0.741329,0.000000,0.000000,0.105352,0.000000,0.000000
RS,CCS,43,0.033074,0.032447,0.771917,0.570137,0.000000,0.000000,0.167996,0.000000,0.000000
RS,CCS,44,0.040831,0.029939,0.827840,0.336548,0.000000,0.000000,0.059932,0.000000,0.000000
RS,CCS,45,0.024236,0.020799,0.815291,0.897871,0.002732,0.111111,0.285233,0.313208,0.111111
RS,CCS,46,0.028281,0.025562,0.831948,0.692412,0.002128,0.111111,0.134523,0.116981,0.111111
RS,CCS,47,0.053860,0.052761,0.801666,0.664652,0.000000,0.000000,0.173614,0.000000,0.000000
RS,CCS,48,0.068827,0.068166,0.791961,0.562777,0.000000,0.000000,0.221667,0.000000,0.000000
RS,CCS,49,0.040637,0.040003,0.804249,0.477829,0.000000,0.000000,0.068430,0.000000,0.000000
RS,CCS,50,0.049463,0.048261,0.770522,0.207910,0.000000,0.000000,0.030384,0.000000,0.000000
OPAM,ESAIL,1,0.000323,0.000323,0.999677,1.000000,0.000000,0.000000,0.000000,0.000000,0.000000
OPAM,ESAIL,2,0.000050,0.000050,0.999930,1.000000,0.000000,0.000000,0.000000,0.000000,0.000000
OPAM,ESAIL,3,0.000204,0.000204,0.999796,1.000000,0.000000,0.000000,0.000000,0.000000,0.000000
OPAM,ESAIL,4,0.000046,0.000046,0.999909,1.000000,0.000000,0.000000,0.000000,0.000000,0.000000
OPAM,ESAIL,5,0.000041,0.000041,0.999930,1.000000,0.000000,0.000000,0.000000,0.000000,0.000000
OPAM,ESAIL,6,0.000035,0.000035,0.999965,1.000000,0.000000,0.000000,0.000000,0.000000,0.000000
OPAM,ESAIL,7,0.000002,0.000002,0.999993,1.000000,0.000000,0.000000,0.000000,0.000000,0.000000
OPAM,ESAIL,8,0.000126,0.000126,0.999874,1.000000,0.000000,0.000000,0.000000,0.000000,0.000000
OPAM,ESAIL,9,0.000014,0.000014,0.999986,1.000000,0.000000,0.000000,0.000000,0.000000,0.000000
OPAM,ESAIL,10,0.000091,0.000091,0.999909,1.000000,0.000000,0.000000,0.000000,0.000000,0.000000
OPAM,ESAIL,11,0.000000,0.000000,1.000000,1.000000,0.500000,1.000000,0.000000,1.000000,1.000000
OPAM,ESAIL,12,0.000015,0.000015,0.999979,1.000000,0.000000,0.000000,0.000000,0.000000,0.000000
OPAM,ESAIL,13,0.000119,0.000119,0.999881,1.000000,0.000000,0.000000,0.000000,0.000000,0.000000
OPAM,ESAIL,14,0.000049,0.000049,0.999951,1.000000,0.000000,0.000000,0.000000,0.000000,0.000000
OPAM,ESAIL,15,0.000020,0.000020,0.999972,1.000000,0.000000,0.000000,0.000000,0.000000,0.000000
OPAM,ESAIL,16,0.000010,0.000010,0.999986,1.000000,0.000000,0.000000,0.000000,0.000000,0.000000
OPAM,ESAIL,17,0.000000,0.000000,1.000000,1.000000,0.500000,1.000000,0.000000,1.000000,1.000000
OPAM,ESAIL,18,0.000046,0.000046,0.999909,1.000000,0.000000,0.000000,0.000000,0.000000,0.000000
OPAM,ESAIL,19,0.000011,0.000011,0.999972,1.000000,0.000000,0.000000,0.000000,0.000000,0.000000
OPAM,ESAIL,20,0.000091,0.000091,0.999909,1.000000,0.000000,0.000000,0.000000,0.000000,0.000000
OPAM,ESAIL,21,0.000079,0.000079,0.999888,1.000000,0.000000,0.000000,0.000000,0.000000,0.000000
OPAM,ESAIL,22,0.000033,0.000033,0.999895,1.000000,0.000000,0.000000,0.000000,0.000000,0.000000
OPAM,ESAIL,23,0.000383,0.000383,0.999143,1.000000,0.000000,0.000000,0.000000,0.000000,0.000000
OPAM,ESAIL,24,0.000032,0.000032,0.999944,1.000000,0.000000,0.000000,0.000000,0.000000,0.000000
OPAM,ESAIL,25,0.000047,0.000047,0.999895,1.000000,0.000000,0.000000,0.000000,0.000000,0.000000
OPAM,ESAIL,26,0.000760,0.000760,0.998925,1.000000,0.000000,0.000000,0.000000,0.000000,0.000000
OPAM,ESAIL,27,0.000009,0.000009,0.999979,1.000000,0.000000,0.000000,0.000000,0.000000,0.000000
OPAM,ESAIL,28,0.000000,0.000000,1.000000,1.000000,0.500000,1.000000,0.000000,1.000000,1.000000
OPAM,ESAIL,29,0.000214,0.000214,0.999698,1.000000,0.000000,0.000000,0.000000,0.000000,0.000000
OPAM,ESAIL,30,0.000144,0.000144,0.999796,1.000000,0.000000,0.000000,0.000000,0.000000,0.000000
OPAM,ESAIL,31,0.000101,0.000101,0.999824,1.000000,0.000000,0.000000,0.000000,0.000000,0.000000
OPAM,ESAIL,32,0.000036,0.000036,0.999937,1.000000,0.000000,0.000000,0.000000,0.000000,0.000000
OPAM,ESAIL,33,0.000002,0.000002,0.999993,1.000000,0.000000,0.000000,0.000000,0.000000,0.000000
OPAM,ESAIL,34,0.149512,0.149512,0.999714,0.166866,0.000000,0.000000,0.158895,0.000000,0.000000
OPAM,ESAIL,35,0.000097,0.000097,0.999831,1.000000,0.000000,0.000000,0.000000,0.000000,0.000000
OPAM,ESAIL,36,0.000154,0.000154,0.999565,1.000000,0.000000,0.000000,0.000000,0.000000,0.000000
OPAM,ESAIL,37,0.000016,0.000016,0.999972,1.000000,0.000000,0.000000,0.000000,0.000000,0.000000
OPAM,ESAIL,38,0.184615,0.184615,0.999815,0.000082,0.000000,0.000000,0.412841,0.000000,0.000000
OPAM,ESAIL,39,0.000018,0.000018,0.999965,1.000000,0.000000,0.000000,0.000000,0.000000,0.000000
OPAM,ESAIL,40,0.000013,0.000013,0.999958,1.000000,0.000000,0.000000,0.000000,0.000000,0.000000
OPAM,ESAIL,41,0.000864,0.000864,0.999136,1.000000,0.000000,0.000000,0.000000,0.000000,0.000000
OPAM,ESAIL,42,0.000077,0.000077,0.999923,1.000000,0.000000,0.000000,0.000000,0.000000,0.000000
OPAM,ESAIL,43,0.000015,0.000015,0.999979,1.000000,0.000000,0.000000,0.000000,0.000000,0.000000
OPAM,ESAIL,44,0.000002,0.000002,0.999993,1.000000,0.000000,0.000000,0.000000,0.000000,0.000000
OPAM,ESAIL,45,0.000049,0.000049,0.999951,1.000000,0.000000,0.000000,0.000000,0.000000,0.000000
OPAM,ESAIL,46,0.000000,0.000000,1.000000,1.000000,0.500000,1.000000,0.000000,1.000000,1.000000
OPAM,ESAIL,47,0.000182,0.000182,0.999684,1.000000,0.000000,0.000000,0.000000,0.000000,0.000000
OPAM,ESAIL,48,0.000098,0.000098,0.999902,1.000000,0.000000,0.000000,0.000000,0.000000,0.000000
OPAM,ESAIL,49,0.000325,0.000325,0.999024,1.000000,0.000000,0.000000,0.000000,0.000000,0.000000
OPAM,ESAIL,50,0.333333,0.333333,0.999712,0.000192,0.000000,0.000000,0.577387,0.000000,0.000000
RS,ESAIL,1,1.000000,1.000000,0.000000,1.000000,0.000000,0.000000,0.000000,0.000000,0.000000
RS,ESAIL,2,1.000000,1.000000,0.000000,1.000000,0.000000,0.000000,0.000000,0.000000,0.000000
RS,ESAIL,3,1.000000,1.000000,0.000000,1.000000,0.000000,0.000000,0.000000,0.000000,0.000000
RS,ESAIL,4,1.000000,1.000000,0.000000,1.000000,0.000000,0.000000,0.000000,0.000000,0.000000
RS,ESAIL,5,1.000000,1.000000,0.000000,1.000000,0.000000,0.000000,0.000000,0.000000,0.000000
RS,ESAIL,6,1.000000,1.000000,0.000000,1.000000,0.000000,0.000000,0.000000,0.000000,0.000000
RS,ESAIL,7,1.000000,1.000000,0.000000,1.000000,0.000000,0.000000,0.000000,0.000000,0.000000
RS,ESAIL,8,1.000000,1.000000,0.000000,1.000000,0.000000,0.000000,0.000000,0.000000,0.000000
RS,ESAIL,9,1.000000,1.000000,0.000000,1.000000,0.000000,0.000000,0.000000,0.000000,0.000000
RS,ESAIL,10,1.000000,1.000000,0.000000,1.000000,0.000000,0.000000,0.000000,0.000000,0.000000
RS,ESAIL,11,1.000000,1.000000,0.000000,1.000000,0.000000,0.000000,0.000000,0.000000,0.000000
RS,ESAIL,12,1.000000,1.000000,0.000000,1.000000,0.000000,0.000000,0.000000,0.000000,0.000000
RS,ESAIL,13,1.000000,1.000000,0.000000,1.000000,0.000000,0.000000,0.000000,0.000000,0.000000
RS,ESAIL,14,1.000000,1.000000,0.000000,1.000000,0.000000,0.000000,0.000000,0.000000,0.000000
RS,ESAIL,15,1.000000,1.000000,0.000000,1.000000,0.000000,0.000000,0.000000,0.000000,0.000000
RS,ESAIL,16,1.000000,1.000000,0.000000,1.000000,0.000000,0.000000,0.000000,0.000000,0.000000
RS,ESAIL,17,1.000000,1.000000,0.000000,1.000000,0.000000,0.000000,0.000000,0.000000,0.000000
RS,ESAIL,18,1.000000,1.000000,0.000000,1.000000,0.000000,0.000000,0.000000,0.000000,0.000000
RS,ESAIL,19,1.000000,1.000000,0.000000,1.000000,0.000000,0.000000,0.000000,0.000000,0.000000
RS,ESAIL,20,1.000000,1.000000,0.000000,1.000000,0.000000,0.000000,0.000000,0.000000,0.000000
RS,ESAIL,21,1.000000,1.000000,0.000000,1.000000,0.000000,0.000000,0.000000,0.000000,0.000000
RS,ESAIL,22,1.000000,1.000000,0.000000,1.000000,0.000000,0.000000,0.000000,0.000000,0.000000
RS,ESAIL,23,1.000000,1.000000,0.000000,1.000000,0.000000,0.000000,0.000000,0.000000,0.000000
RS,ESAIL,24,1.000000,1.000000,0.000000,1.000000,0.000000,0.000000,0.000000,0.000000,0.000000
RS,ESAIL,25,1.000000,1.000000,0.000000,1.000000,0.000000,0.000000,0.000000,0.000000,0.000000
RS,ESAIL,26,1.000000,1.000000,0.000000,1.000000,0.000000,0.000000,0.000000,0.000000,0.000000
RS,ESAIL,27,1.000000,1.000000,0.000000,1.000000,0.000000,0.000000,0.000000,0.000000,0.000000
RS,ESAIL,28,1.000000,1.000000,0.000000,1.000000,0.000000,0.000000,0.000000,0.000000,0.000000
RS,ESAIL,29,1.000000,1.000000,0.000000,1.000000,0.000000,0.000000,0.000000,0.000000,0.000000
RS,ESAIL,30,1.000000,1.000000,0.000000,1.000000,0.000000,0.000000,0.000000,0.000000,0.000000
RS,ESAIL,31,1.000000,1.000000,0.000000,1.000000,0.000000,0.000000,0.000000,0.000000,0.000000
RS,ESAIL,32,1.000000,1.000000,0.000000,1.000000,0.000000,0.000000,0.000000,0.000000,0.000000
RS,ESAIL,33,1.000000,1.000000,0.000000,1.000000,0.000000,0.000000,0.000000,0.000000,0.000000
RS,ESAIL,34,1.000000,1.000000,0.000000,1.000000,0.000000,0.000000,0.000000,0.000000,0.000000
RS,ESAIL,35,1.000000,1.000000,0.000000,1.000000,0.000000,0.000000,0.000000,0.000000,0.000000
RS,ESAIL,36,1.000000,1.000000,0.000000,1.000000,0.000000,0.000000,0.000000,0.000000,0.000000
RS,ESAIL,37,1.000000,1.000000,0.000000,1.000000,0.000000,0.000000,0.000000,0.000000,0.000000
RS,ESAIL,38,1.000000,1.000000,0.000000,1.000000,0.000000,0.000000,0.000000,0.000000,0.000000
RS,ESAIL,39,1.000000,1.000000,0.000000,1.000000,0.000000,0.000000,0.000000,0.000000,0.000000
RS,ESAIL,40,1.000000,1.000000,0.000000,1.000000,0.000000,0.000000,0.000000,0.000000,0.000000
RS,ESAIL,41,1.000000,1.000000,0.000000,1.000000,0.000000,0.000000,0.000000,0.000000,0.000000
RS,ESAIL,42,1.000000,1.000000,0.000000,1.000000,0.000000,0.000000,0.000000,0.000000,0.000000
RS,ESAIL,43,1.000000,1.000000,0.000000,1.000000,0.000000,0.000000,0.000000,0.000000,0.000000
RS,ESAIL,44,1.000000,1.000000,0.000000,1.000000,0.000000,0.000000,0.000000,0.000000,0.000000
RS,ESAIL,45,1.000000,1.000000,0.000000,1.000000,0.000000,0.000000,0.000000,0.000000,0.000000
RS,ESAIL,46,1.000000,1.000000,0.000000,1.000000,0.000000,0.000000,0.000000,0.000000,0.000000
RS,ESAIL,47,1.000000,1.000000,0.000000,1.000000,0.000000,0.000000,0.000000,0.000000,0.000000
RS,ESAIL,48,1.000000,1.000000,0.000000,1.000000,0.000000,0.000000,0.000000,0.000000,0.000000
RS,ESAIL,49,1.000000,1.000000,0.000000,1.000000,0.000000,0.000000,0.000000,0.000000,0.000000
RS,ESAIL,50,1.000000,1.000000,0.000000,1.000000,0.000000,0.000000,0.000000,0.000000,0.000000
OPAM,GAP,1,0.008288,0.007363,0.881985,0.528825,0.000000,0.000000,0.044742,0.000000,0.000000
OPAM,GAP,2,0.007756,0.007216,0.886007,0.252470,0.009615,0.020408,0.024967,0.019231,0.020408
OPAM,GAP,3,0.008123,0.006849,0.884927,0.207361,0.000000,0.000000,0.056460,0.000000,0.000000
OPAM,GAP,4,0.006326,0.004799,0.886726,0.261802,0.019231,0.040816,0.036127,0.038462,0.040816
OPAM,GAP,5,0.007035,0.003502,0.892445,0.376585,0.019231,0.040816,0.038057,0.038462,0.040816
OPAM,GAP,6,0.006292,0.004546,0.885213,0.291075,0.000000,0.000000,0.045565,0.000000,0.000000
OPAM,GAP,7,0.006360,0.006183,0.889727,0.317148,0.009615,0.020408,0.033571,0.019231,0.020408
OPAM,GAP,8,0.006874,0.006524,0.882209,0.446552,0.009615,0.020408,0.034371,0.019231,0.020408
OPAM,GAP,9,0.007029,0.006172,0.876461,0.373060,0.009615,0.020408,0.058467,0.019231,0.020408
OPAM,GAP,10,0.008736,0.006283,0.885418,0.356862,0.000000,0.000000,0.032119,0.000000,0.000000
OPAM,GAP,11,0.008168,0.007767,0.873745,0.303640,0.000000,0.000000,0.063608,0.000000,0.000000
OPAM,GAP,12,0.005576,0.005381,0.886509,0.331354,0.009615,0.020408,0.027243,0.019231,0.020408
OPAM,GAP,13,0.005577,0.004978,0.887316,0.360272,0.038462,0.061224,0.062036,0.076923,0.061224
OPAM,GAP,14,0.007140,0.005724,0.889462,0.163879,0.028846,0.040816,0.053485,0.057692,0.040816
OPAM,GAP,15,0.008286,0.005359,0.882457,0.296161,0.009615,0.020408,0.026269,0.019231,0.020408
OPAM,GAP,16,0.008060,0.005807,0.885094,0.611043,0.019231,0.040816,0.064851,0.038462,0.040816
OPAM,GAP,17,0.009936,0.007284,0.888675,0.404875,0.019231,0.040816,0.047027,0.038462,0.040816
OPAM,GAP,18,0.008708,0.006731,0.884145,0.232671,0.009615,0.020408,0.029061,0.019231,0.020408
OPAM,GAP,19,0.003799,0.003457,0.888799,0.460457,0.009615,0.020408,0.034533,0.019231,0.020408
OPAM,GAP,20,0.009224,0.007351,0.883110,0.354874,0.000000,0.000000,0.038768,0.000000,0.000000
OPAM,GAP,21,0.011202,0.010969,0.873206,0.414145,0.009615,0.020408,0.071992,0.019231,0.020408
OPAM,GAP,22,0.006631,0.006330,0.881885,0.330191,0.000000,0.000000,0.064107,0.000000,0.000000
OPAM,GAP,23,0.006500,0.006170,0.882300,0.451421,0.000000,0.000000,0.035735,0.000000,0.000000
OPAM,GAP,24,0.006712,0.006251,0.884114,0.577452,0.019231,0.040816,0.034182,0.038462,0.040816
OPAM,GAP,25,0.007141,0.005198,0.887601,0.288040,0.028846,0.061224,0.051691,0.057692,0.061224
OPAM,GAP,26,0.005946,0.004949,0.888433,0.381918,0.009615,0.020408,0.040673,0.019231,0.020408
OPAM,GAP,27,0.006734,0.006714,0.880284,0.502313,0.000000,0.000000,0.046252,0.000000,0.000000
OPAM,GAP,28,0.013640,0.012970,0.868804,0.414017,0.000000,0.000000,0.052979,0.000000,0.000000
OPAM,GAP,29,0.006027,0.004632,0.891419,0.492198,0.019231,0.040816,0.047106,0.038462,0.040816
OPAM,GAP,30,0.005480,0.003029,0.894619,0.460260,0.009615,0.020408,0.051385,0.019231,0.020408
OPAM,GAP,31,0.007983,0.005471,0.882393,0.482001,0.000000,0.000000,0.047406,0.000000,0.000000
OPAM,GAP,32,0.004172,0.004082,0.886479,0.504538,0.029412,0.061224,0.042741,0.076923,0.061224
OPAM,GAP,33,0.007596,0.005769,0.882887,0.290872,0.000000,0.000000,0.024651,0.000000,0.000000
OPAM,GAP,34,0.006071,0.005986,0.885600,0.307116,0.000000,0.000000,0.028414,0.000000,0.000000
OPAM,GAP,35,0.005809,0.005168,0.884027,0.347093,0.000000,0.000000,0.032156,0.000000,0.000000
OPAM,GAP,36,0.005897,0.004617,0.891429,0.283667,0.019608,0.040816,0.039829,0.057692,0.040816
OPAM,GAP,37,0.006475,0.005543,0.884334,0.350537,0.009615,0.020408,0.034996,0.019231,0.020408
OPAM,GAP,38,0.008092,0.005299,0.885463,0.389338,0.000000,0.000000,0.045056,0.000000,0.000000
OPAM,GAP,39,0.011167,0.009279,0.874614,0.215905,0.009615,0.020408,0.056228,0.019231,0.020408
OPAM,GAP,40,0.006862,0.006153,0.889317,0.316233,0.019231,0.040816,0.030976,0.038462,0.040816
OPAM,GAP,41,0.005737,0.003007,0.886489,0.409291,0.019231,0.040816,0.018042,0.038462,0.040816
OPAM,GAP,42,0.008615,0.006710,0.879986,0.259866,0.000000,0.000000,0.056813,0.000000,0.000000
OPAM,GAP,43,0.006846,0.006567,0.885036,0.222156,0.009615,0.020408,0.023091,0.019231,0.020408
OPAM,GAP,44,0.009855,0.008508,0.888797,0.342429,0.009615,0.020408,0.029254,0.019231,0.020408
OPAM,GAP,45,0.006684,0.005833,0.888008,0.361510,0.009615,0.020408,0.043954,0.019231,0.020408
OPAM,GAP,46,0.010054,0.009087,0.872530,0.148290,0.000000,0.000000,0.057878,0.000000,0.000000
OPAM,GAP,47,0.006528,0.003486,0.891233,0.274245,0.019231,0.040816,0.057842,0.038462,0.040816
OPAM,GAP,48,0.005780,0.003590,0.891182,0.276876,0.019231,0.040816,0.055600,0.038462,0.040816
OPAM,GAP,49,0.006888,0.006164,0.886241,0.225969,0.009615,0.020408,0.021516,0.019231,0.020408
OPAM,GAP,50,0.011840,0.010801,0.881723,0.517622,0.000000,0.000000,0.070144,0.000000,0.000000
RS,GAP,1,0.074609,0.074406,0.657223,0.583985,0.000000,0.000000,0.044956,0.000000,0.000000
RS,GAP,2,0.056299,0.055947,0.669754,0.718407,0.000000,0.000000,0.098852,0.000000,0.000000
RS,GAP,3,0.067368,0.067256,0.640181,0.775167,0.000000,0.000000,0.078495,0.000000,0.000000
RS,GAP,4,0.095884,0.095726,0.604528,0.527772,0.000000,0.000000,0.038589,0.000000,0.000000
RS,GAP,5,0.076747,0.076592,0.658474,0.693078,0.000000,0.000000,0.076830,0.000000,0.000000
RS,GAP,6,0.068487,0.068384,0.637756,0.479800,0.000000,0.000000,0.044046,0.000000,0.000000
RS,GAP,7,0.065202,0.064774,0.609887,0.747401,0.000000,0.000000,0.067177,0.000000,0.000000
RS,GAP,8,0.104468,0.104423,0.605529,0.956636,0.000000,0.000000,0.105177,0.000000,0.000000
RS,GAP,9,0.063037,0.062931,0.638291,0.791663,0.000000,0.000000,0.049589,0.000000,0.000000
RS,GAP,10,0.073051,0.073044,0.608204,0.672690,0.000000,0.000000,0.053541,0.000000,0.000000
RS,GAP,11,0.069189,0.068715,0.596687,0.746137,0.000000,0.000000,0.084141,0.000000,0.000000
RS,GAP,12,0.070289,0.070158,0.601455,0.736951,0.000000,0.000000,0.041355,0.000000,0.000000
RS,GAP,13,0.067704,0.067496,0.621307,0.745126,0.000000,0.000000,0.089535,0.000000,0.000000
RS,GAP,14,0.082838,0.082653,0.600590,0.770502,0.000000,0.000000,0.151371,0.000000,0.000000
RS,GAP,15,0.095958,0.095958,0.662496,0.398909,0.000000,0.000000,0.021714,0.000000,0.000000
RS,GAP,16,0.089188,0.088979,0.607693,0.657029,0.000000,0.000000,0.110244,0.000000,0.000000
RS,GAP,17,0.062985,0.062840,0.628795,0.730343,0.000000,0.000000,0.059044,0.000000,0.000000
RS,GAP,18,0.082230,0.082230,0.603885,0.637111,0.000000,0.000000,0.059343,0.000000,0.000000
RS,GAP,19,0.071859,0.071651,0.632710,0.717135,0.000000,0.000000,0.094583,0.000000,0.000000
RS,GAP,20,0.064059,0.063883,0.671945,0.725219,0.000000,0.000000,0.109680,0.000000,0.000000
RS,GAP,21,0.069584,0.069279,0.601182,0.624496,0.000000,0.000000,0.060400,0.000000,0.000000
RS,GAP,22,0.069212,0.069093,0.652382,0.749521,0.000000,0.000000,0.109273,0.000000,0.000000
RS,GAP,23,0.072283,0.072025,0.636021,0.677306,0.000000,0.000000,0.033514,0.000000,0.000000
RS,GAP,24,0.079197,0.079082,0.658861,0.710925,0.000000,0.000000,0.092565,0.000000,0.000000
RS,GAP,25,0.109354,0.109249,0.597431,0.656856,0.000000,0.000000,0.083476,0.000000,0.000000
RS,GAP,26,0.108186,0.108115,0.595514,0.642878,0.000000,0.000000,0.059934,0.000000,0.000000
RS,GAP,27,0.063366,0.063121,0.622998,0.534759,0.000000,0.000000,0.065410,0.000000,0.000000
RS,GAP,28,0.083017,0.082863,0.614199,0.524218,0.000000,0.000000,0.032942,0.000000,0.000000
RS,GAP,29,0.068256,0.068083,0.606087,0.788155,0.000000,0.000000,0.097537,0.000000,0.000000
RS,GAP,30,0.081699,0.081613,0.603097,0.742006,0.000000,0.000000,0.082173,0.000000,0.000000
RS,GAP,31,0.079159,0.079088,0.614289,0.608170,0.000000,0.000000,0.049502,0.000000,0.000000
RS,GAP,32,0.086198,0.085371,0.623808,0.506166,0.000000,0.000000,0.062904,0.000000,0.000000
RS,GAP,33,0.073738,0.073625,0.653390,0.606539,0.000000,0.000000,0.067212,0.000000,0.000000
RS,GAP,34,0.059514,0.059502,0.645426,0.655751,0.000000,0.000000,0.044176,0.000000,0.000000
RS,GAP,35,0.082415,0.082415,0.590075,0.521387,0.000000,0.000000,0.028741,0.000000,0.000000
RS,GAP,36,0.084255,0.083935,0.590948,0.590840,0.000000,0.000000,0.040937,0.000000,0.000000
RS,GAP,37,0.093862,0.093585,0.608070,0.863020,0.000000,0.000000,0.173021,0.000000,0.000000
RS,GAP,38,0.058972,0.058968,0.672178,0.671602,0.000000,0.000000,0.099838,0.000000,0.000000
RS,GAP,39,0.076799,0.076542,0.589751,0.810457,0.000000,0.000000,0.110796,0.000000,0.000000
RS,GAP,40,0.054418,0.054031,0.666082,0.506414,0.000000,0.000000,0.052889,0.000000,0.000000
RS,GAP,41,0.075422,0.075189,0.694628,0.593683,0.000000,0.000000,0.061832,0.000000,0.000000
RS,GAP,42,0.076604,0.076417,0.600831,0.741511,0.000000,0.000000,0.095862,0.000000,0.000000
RS,GAP,43,0.076794,0.076632,0.608128,0.674609,0.000000,0.000000,0.054845,0.000000,0.000000
RS,GAP,44,0.068750,0.068750,0.700434,0.485142,0.000000,0.000000,0.103719,0.000000,0.000000
RS,GAP,45,0.111025,0.111015,0.613207,0.699177,0.000000,0.000000,0.112868,0.000000,0.000000
RS,GAP,46,0.079540,0.079538,0.600730,0.821405,0.000000,0.000000,0.126480,0.000000,0.000000
RS,GAP,47,0.066466,0.065957,0.660107,0.768207,0.000000,0.000000,0.122004,0.000000,0.000000
RS,GAP,48,0.065449,0.065105,0.626306,0.645837,0.000000,0.000000,0.069919,0.000000,0.000000
RS,GAP,49,0.073689,0.073437,0.601222,0.662526,0.000000,0.000000,0.088070,0.000000,0.000000
RS,GAP,50,0.074530,0.074467,0.628168,0.590378,0.000000,0.000000,0.049033,0.000000,0.000000
OPAM,ICS,1,0.000000,0.000000,1.000000,1.000000,0.500000,1.000000,0.000000,1.000000,1.000000
OPAM,ICS,2,0.000000,0.000000,1.000000,1.000000,0.500000,1.000000,0.000000,1.000000,1.000000
OPAM,ICS,3,0.000000,0.000000,1.000000,1.000000,0.500000,1.000000,0.000000,1.000000,1.000000
OPAM,ICS,4,0.000000,0.000000,1.000000,1.000000,0.500000,1.000000,0.000000,1.000000,1.000000
OPAM,ICS,5,0.000000,0.000000,1.000000,1.000000,0.500000,1.000000,0.000000,1.000000,1.000000
OPAM,ICS,6,0.000000,0.000000,1.000000,1.000000,0.500000,1.000000,0.000000,1.000000,1.000000
OPAM,ICS,7,0.000000,0.000000,1.000000,1.000000,0.500000,1.000000,0.000000,1.000000,1.000000
OPAM,ICS,8,0.000000,0.000000,1.000000,1.000000,0.500000,1.000000,0.000000,1.000000,1.000000
OPAM,ICS,9,0.000000,0.000000,1.000000,1.000000,0.500000,1.000000,0.000000,1.000000,1.000000
OPAM,ICS,10,0.000000,0.000000,1.000000,1.000000,0.500000,1.000000,0.000000,1.000000,1.000000
OPAM,ICS,11,0.000000,0.000000,1.000000,1.000000,0.500000,1.000000,0.000000,1.000000,1.000000
OPAM,ICS,12,0.000000,0.000000,1.000000,1.000000,0.500000,1.000000,0.000000,1.000000,1.000000
OPAM,ICS,13,0.000000,0.000000,1.000000,1.000000,0.500000,1.000000,0.000000,1.000000,1.000000
OPAM,ICS,14,0.000000,0.000000,1.000000,1.000000,0.500000,1.000000,0.000000,1.000000,1.000000
OPAM,ICS,15,0.000000,0.000000,1.000000,1.000000,0.500000,1.000000,0.000000,1.000000,1.000000
OPAM,ICS,16,0.000000,0.000000,1.000000,1.000000,0.500000,1.000000,0.000000,1.000000,1.000000
OPAM,ICS,17,0.000000,0.000000,1.000000,1.000000,0.500000,1.000000,0.000000,1.000000,1.000000
OPAM,ICS,18,0.000000,0.000000,1.000000,1.000000,0.500000,1.000000,0.000000,1.000000,1.000000
OPAM,ICS,19,0.000000,0.000000,1.000000,1.000000,0.500000,1.000000,0.000000,1.000000,1.000000
OPAM,ICS,20,0.000000,0.000000,1.000000,1.000000,0.500000,1.000000,0.000000,1.000000,1.000000
OPAM,ICS,21,0.000000,0.000000,1.000000,1.000000,0.500000,1.000000,0.000000,1.000000,1.000000
OPAM,ICS,22,0.000000,0.000000,1.000000,1.000000,0.500000,1.000000,0.000000,1.000000,1.000000
OPAM,ICS,23,0.000000,0.000000,1.000000,1.000000,0.500000,1.000000,0.000000,1.000000,1.000000
OPAM,ICS,24,0.000000,0.000000,1.000000,1.000000,0.500000,1.000000,0.000000,1.000000,1.000000
OPAM,ICS,25,0.000000,0.000000,1.000000,1.000000,0.500000,1.000000,0.000000,1.000000,1.000000
OPAM,ICS,26,0.000000,0.000000,1.000000,1.000000,0.500000,1.000000,0.000000,1.000000,1.000000
OPAM,ICS,27,0.000000,0.000000,1.000000,1.000000,0.500000,1.000000,0.000000,1.000000,1.000000
OPAM,ICS,28,0.000000,0.000000,1.000000,1.000000,0.500000,1.000000,0.000000,1.000000,1.000000
OPAM,ICS,29,0.000000,0.000000,1.000000,1.000000,0.500000,1.000000,0.000000,1.000000,1.000000
OPAM,ICS,30,0.000000,0.000000,1.000000,1.000000,0.500000,1.000000,0.000000,1.000000,1.000000
OPAM,ICS,31,0.000000,0.000000,1.000000,1.000000,0.500000,1.000000,0.000000,1.000000,1.000000
OPAM,ICS,32,0.000000,0.000000,1.000000,1.000000,0.500000,1.000000,0.000000,1.000000,1.000000
OPAM,ICS,33,0.000000,0.000000,1.000000,1.000000,0.500000,1.000000,0.000000,1.000000,1.000000
OPAM,ICS,34,0.000000,0.000000,1.000000,1.000000,0.500000,1.000000,0.000000,1.000000,1.000000
OPAM,ICS,35,0.000000,0.000000,1.000000,1.000000,0.500000,1.000000,0.000000,1.000000,1.000000
OPAM,ICS,36,0.000000,0.000000,1.000000,1.000000,0.500000,1.000000,0.000000,1.000000,1.000000
OPAM,ICS,37,0.000000,0.000000,1.000000,1.000000,0.500000,1.000000,0.000000,1.000000,1.000000
OPAM,ICS,38,0.000000,0.000000,1.000000,1.000000,0.500000,1.000000,0.000000,1.000000,1.000000
OPAM,ICS,39,0.000000,0.000000,1.000000,1.000000,0.500000,1.000000,0.000000,1.000000,1.000000
OPAM,ICS,40,0.000000,0.000000,1.000000,1.000000,0.500000,1.000000,0.000000,1.000000,1.000000
OPAM,ICS,41,0.000000,0.000000,1.000000,1.000000,0.500000,1.000000,0.000000,1.000000,1.000000
OPAM,ICS,42,0.000000,0.000000,1.000000,1.000000,0.500000,1.000000,0.000000,1.000000,1.000000
OPAM,ICS,43,0.000000,0.000000,1.000000,1.000000,0.500000,1.000000,0.000000,1.000000,1.000000
OPAM,ICS,44,0.000000,0.000000,1.000000,1.000000,0.500000,1.000000,0.000000,1.000000,1.000000
OPAM,ICS,45,0.000000,0.000000,1.000000,1.000000,0.500000,1.000000,0.000000,1.000000,1.000000
OPAM,ICS,46,0.000000,0.000000,1.000000,1.000000,0.500000,1.000000,0.000000,1.000000,1.000000
OPAM,ICS,47,0.000000,0.000000,1.000000,1.000000,0.500000,1.000000,0.000000,1.000000,1.000000
OPAM,ICS,48,0.000000,0.000000,1.000000,1.000000,0.500000,1.000000,0.000000,1.000000,1.000000
OPAM,ICS,49,0.000000,0.000000,1.000000,1.000000,0.500000,1.000000,0.000000,1.000000,1.000000
OPAM,ICS,50,0.000000,0.000000,1.000000,1.000000,0.500000,1.000000,0.000000,1.000000,1.000000
RS,ICS,1,0.000000,0.000000,1.000000,1.000000,0.500000,1.000000,0.000000,1.000000,1.000000
RS,ICS,2,1.000000,1.000000,0.000000,1.000000,0.000000,0.000000,0.000000,0.000000,0.000000
RS,ICS,3,0.000000,0.000000,1.000000,1.000000,0.500000,1.000000,0.000000,1.000000,1.000000
RS,ICS,4,1.000000,1.000000,0.000000,1.000000,0.000000,0.000000,0.000000,0.000000,0.000000
RS,ICS,5,0.000000,0.000000,1.000000,1.000000,0.500000,1.000000,0.000000,1.000000,1.000000
RS,ICS,6,0.000000,0.000000,1.000000,1.000000,0.500000,1.000000,0.000000,1.000000,1.000000
RS,ICS,7,0.000000,0.000000,1.000000,1.000000,0.500000,1.000000,0.000000,1.000000,1.000000
RS,ICS,8,0.000000,0.000000,1.000000,1.000000,0.500000,1.000000,0.000000,1.000000,1.000000
RS,ICS,9,0.000000,0.000000,1.000000,1.000000,0.500000,1.000000,0.000000,1.000000,1.000000
RS,ICS,10,0.000000,0.000000,1.000000,1.000000,0.500000,1.000000,0.000000,1.000000,1.000000
RS,ICS,11,0.000000,0.000000,1.000000,1.000000,0.500000,1.000000,0.000000,1.000000,1.000000
RS,ICS,12,0.000000,0.000000,1.000000,1.000000,0.500000,1.000000,0.000000,1.000000,1.000000
RS,ICS,13,0.000000,0.000000,1.000000,1.000000,0.500000,1.000000,0.000000,1.000000,1.000000
RS,ICS,14,0.000000,0.000000,1.000000,1.000000,0.500000,1.000000,0.000000,1.000000,1.000000
RS,ICS,15,0.000000,0.000000,1.000000,1.000000,0.500000,1.000000,0.000000,1.000000,1.000000
RS,ICS,16,0.707107,0.707107,0.000000,0.414214,0.000000,0.000000,0.000000,0.000000,0.000000
RS,ICS,17,0.000000,0.000000,1.000000,1.000000,0.500000,1.000000,0.000000,1.000000,1.000000
RS,ICS,18,0.000000,0.000000,1.000000,1.000000,0.500000,1.000000,0.000000,1.000000,1.000000
RS,ICS,19,0.000000,0.000000,1.000000,1.000000,0.500000,1.000000,0.000000,1.000000,1.000000
RS,ICS,20,0.000000,0.000000,1.000000,1.000000,0.500000,1.000000,0.000000,1.000000,1.000000
RS,ICS,21,0.000000,0.000000,1.000000,1.000000,0.500000,1.000000,0.000000,1.000000,1.000000
RS,ICS,22,0.000000,0.000000,1.000000,1.000000,0.500000,1.000000,0.000000,1.000000,1.000000
RS,ICS,23,0.000000,0.000000,1.000000,1.000000,0.500000,1.000000,0.000000,1.000000,1.000000
RS,ICS,24,0.000000,0.000000,1.000000,1.000000,0.500000,1.000000,0.000000,1.000000,1.000000
RS,ICS,25,0.000000,0.000000,1.000000,1.000000,0.500000,1.000000,0.000000,1.000000,1.000000
RS,ICS,26,0.707107,0.707107,0.000000,0.414214,0.000000,0.000000,0.000000,0.000000,0.000000
RS,ICS,27,0.000000,0.000000,1.000000,1.000000,0.500000,1.000000,0.000000,1.000000,1.000000
RS,ICS,28,0.000000,0.000000,1.000000,1.000000,0.500000,1.000000,0.000000,1.000000,1.000000
RS,ICS,29,0.000000,0.000000,1.000000,1.000000,0.500000,1.000000,0.000000,1.000000,1.000000
RS,ICS,30,0.000000,0.000000,1.000000,1.000000,0.500000,1.000000,0.000000,1.000000,1.000000
RS,ICS,31,0.000000,0.000000,1.000000,1.000000,0.500000,1.000000,0.000000,1.000000,1.000000
RS,ICS,32,0.000000,0.000000,1.000000,1.000000,0.500000,1.000000,0.000000,1.000000,1.000000
RS,ICS,33,0.000000,0.000000,1.000000,1.000000,0.500000,1.000000,0.000000,1.000000,1.000000
RS,ICS,34,0.000000,0.000000,1.000000,1.000000,0.500000,1.000000,0.000000,1.000000,1.000000
RS,ICS,35,0.000000,0.000000,1.000000,1.000000,0.500000,1.000000,0.000000,1.000000,1.000000
RS,ICS,36,0.000000,0.000000,1.000000,1.000000,0.500000,1.000000,0.000000,1.000000,1.000000
RS,ICS,37,0.000000,0.000000,1.000000,1.000000,0.500000,1.000000,0.000000,1.000000,1.000000
RS,ICS,38,0.000000,0.000000,1.000000,1.000000,0.500000,1.000000,0.000000,1.000000,1.000000
RS,ICS,39,0.000000,0.000000,1.000000,1.000000,0.500000,1.000000,0.000000,1.000000,1.000000
RS,ICS,40,0.000000,0.000000,1.000000,1.000000,0.500000,1.000000,0.000000,1.000000,1.000000
RS,ICS,41,0.000000,0.000000,1.000000,1.000000,0.500000,1.000000,0.000000,1.000000,1.000000
RS,ICS,42,0.000000,0.000000,1.000000,1.000000,0.500000,1.000000,0.000000,1.000000,1.000000
RS,ICS,43,0.000000,0.000000,1.000000,1.000000,0.500000,1.000000,0.000000,1.000000,1.000000
RS,ICS,44,0.000000,0.000000,1.000000,1.000000,0.500000,1.000000,0.000000,1.000000,1.000000
RS,ICS,45,0.000000,0.000000,1.000000,1.000000,0.500000,1.000000,0.000000,1.000000,1.000000
RS,ICS,46,1.000000,1.000000,0.000000,1.000000,0.000000,0.000000,0.000000,0.000000,0.000000
RS,ICS,47,0.000000,0.000000,1.000000,1.000000,0.500000,1.000000,0.000000,1.000000,1.000000
RS,ICS,48,0.000000,0.000000,1.000000,1.000000,0.500000,1.000000,0.000000,1.000000,1.000000
RS,ICS,49,0.000000,0.000000,1.000000,1.000000,0.500000,1.000000,0.000000,1.000000,1.000000
RS,ICS,50,0.000000,0.000000,1.000000,1.000000,0.500000,1.000000,0.000000,1.000000,1.000000
OPAM,HPSS,1,0.008870,0.002529,0.974248,0.493470,0.048387,0.068966,0.049898,0.096774,0.068966
OPAM,HPSS,2,0.004772,0.004086,0.970311,0.482360,0.000000,0.000000,0.030946,0.000000,0.000000
OPAM,HPSS,3,0.006735,0.003813,0.971873,0.382709,0.032258,0.068966,0.038783,0.064516,0.068966
OPAM,HPSS,4,0.002365,0.002299,0.976720,0.568952,0.064516,0.137931,0.023130,0.129032,0.137931
OPAM,HPSS,5,0.005348,0.005289,0.963590,0.723620,0.000000,0.000000,0.024312,0.000000,0.000000
OPAM,HPSS,6,0.003638,0.001043,0.963024,0.878215,0.080645,0.172414,0.013901,0.161290,0.172414
OPAM,HPSS,7,0.005429,0.004446,0.966588,0.491230,0.000000,0.000000,0.034853,0.000000,0.000000
OPAM,HPSS,8,0.003065,0.002640,0.974411,0.556795,0.016129,0.034483,0.032292,0.032258,0.034483
OPAM,HPSS,9,0.010231,0.008802,0.962004,0.426245,0.000000,0.000000,0.036299,0.000000,0.000000
OPAM,HPSS,10,0.008421,0.004723,0.967734,0.542016,0.000000,0.000000,0.036124,0.000000,0.000000
OPAM,HPSS,11,0.017130,0.016129,0.967774,0.346825,0.000000,0.000000,0.055374,0.000000,0.000000
OPAM,HPSS,12,0.013605,0.009367,0.957313,0.456981,0.000000,0.000000,0.054255,0.000000,0.000000
OPAM,HPSS,13,0.003932,0.003733,0.970626,0.663279,0.000000,0.000000,0.030525,0.000000,0.000000
OPAM,HPSS,14,0.009663,0.007247,0.961789,0.497188,0.000000,0.000000,0.031903,0.000000,0.000000
OPAM,HPSS,15,0.004418,0.004178,0.972500,0.294364,0.000000,0.000000,0.031989,0.000000,0.000000
OPAM,HPSS,16,0.006146,0.005979,0.964758,0.516035,0.000000,0.000000,0.032843,0.000000,0.000000
OPAM,HPSS,17,0.007462,0.006637,0.966463,0.613165,0.000000,0.000000,0.028249,0.000000,0.000000
OPAM,HPSS,18,0.008228,0.004684,0.970205,0.438918,0.000000,0.000000,0.041731,0.000000,0.000000
OPAM,HPSS,19,0.004761,0.004045,0.971154,0.544366,0.000000,0.000000,0.050179,0.000000,0.000000
OPAM,HPSS,20,0.006242,0.006223,0.968329,0.708564,0.000000,0.000000,0.032169,0.000000,0.000000
OPAM,HPSS,21,0.006070,0.005553,0.970833,0.582624,0.000000,0.000000,0.028648,0.000000,0.000000
OPAM,HPSS,22,0.007055,0.006934,0.959720,0.538914,0.000000,0.000000,0.028846,0.000000,0.000000
OPAM,HPSS,23,0.005500,0.005338,0.962967,0.616587,0.000000,0.000000,0.034708,0.000000,0.000000
OPAM,HPSS,24,0.005873,0.004614,0.971742,0.549598,0.000000,0.000000,0.028438,0.000000,0.000000
OPAM,HPSS,25,0.009013,0.008232,0.969870,0.592971,0.000000,0.000000,0.044732,0.000000,0.000000
OPAM,HPSS,26,0.010372,0.009046,0.959050,0.326030,0.000000,0.000000,0.031913,0.000000,0.000000
OPAM,HPSS,27,0.004378,0.004188,0.969079,0.547265,0.000000,0.000000,0.025134,0.000000,0.000000
OPAM,HPSS,28,0.005575,0.004549,0.973252,0.408269,0.016129,0.034483,0.048572,0.032258,0.034483
OPAM,HPSS,29,0.002489,0.002003,0.980448,0.526095,0.064516,0.137931,0.024102,0.129032,0.137931
OPAM,HPSS,30,0.008266,0.007223,0.965579,0.496935,0.000000,0.000000,0.034415,0.000000,0.000000
OPAM,HPSS,31,0.005277,0.004466,0.969928,0.486606,0.016129,0.034483,0.031957,0.032258,0.034483
OPAM,HPSS,32,0.005364,0.004543,0.967024,0.416320,0.000000,0.000000,0.037741,0.000000,0.000000
OPAM,HPSS,33,0.004380,0.004144,0.970484,0.458072,0.000000,0.000000,0.036438,0.000000,0.000000
OPAM,HPSS,34,0.005429,0.002581,0.973995,0.519307,0.000000,0.000000,0.030005,0.000000,0.000000
OPAM,HPSS,35,0.006182,0.005452,0.964705,0.534826,0.000000,0.000000,0.037984,0.000000,0.000000
OPAM,HPSS,36,0.004252,0.002485,0.973955,0.469135,0.016129,0.034483,0.037329,0.032258,0.034483
OPAM,HPSS,37,0.008245,0.008230,0.955992,0.674246,0.000000,0.000000,0.024190,0.000000,0.000000
OPAM,HPSS,38,0.008660,0.008615,0.948231,0.819798,0.000000,0.000000,0.023299,0.000000,0.000000
OPAM,HPSS,39,0.006848,0.002710,0.974205,0.413699,0.000000,0.000000,0.042947,0.000000,0.000000
OPAM,HPSS,40,0.005318,0.004533,0.969026,0.421585,0.016129,0.034483,0.026729,0.032258,0.034483
OPAM,HPSS,41,0.005636,0.004372,0.968849,0.760085,0.000000,0.000000,0.030114,0.000000,0.000000
OPAM,HPSS,42,0.006073,0.003200,0.976166,0.494858,0.016129,0.034483,0.041250,0.032258,0.034483
OPAM,HPSS,43,0.009498,0.009157,0.957342,0.388223,0.000000,0.000000,0.029535,0.000000,0.000000
OPAM,HPSS,44,0.003718,0.003021,0.970383,0.474522,0.016129,0.034483,0.040141,0.032258,0.034483
OPAM,HPSS,45,0.006146,0.003743,0.970191,0.475952,0.000000,0.000000,0.038474,0.000000,0.000000
OPAM,HPSS,46,0.008212,0.004897,0.969779,0.367451,0.000000,0.000000,0.036660,0.000000,0.000000
OPAM,HPSS,47,0.008768,0.005800,0.967894,0.312213,0.000000,0.000000,0.049538,0.000000,0.000000
OPAM,HPSS,48,0.010325,0.005688,0.964262,0.384006,0.000000,0.000000,0.030667,0.000000,0.000000
OPAM,HPSS,49,0.004581,0.004340,0.971648,0.564070,0.064516,0.103448,0.034496,0.129032,0.103448
OPAM,HPSS,50,0.007114,0.004873,0.971308,0.636901,0.032258,0.068966,0.044287,0.064516,0.068966
RS,HPSS,1,0.119031,0.118618,0.539959,0.674346,0.000000,0.000000,0.046158,0.000000,0.000000
RS,HPSS,2,0.193307,0.193003,0.507690,0.716749,0.000000,0.000000,0.090071,0.000000,0.000000
RS,HPSS,3,0.133849,0.133759,0.484554,0.794576,0.000000,0.000000,0.148381,0.000000,0.000000
RS,HPSS,4,0.108094,0.108028,0.462353,0.791748,0.000000,0.000000,0.062797,0.000000,0.000000
RS,HPSS,5,0.147686,0.147595,0.477443,0.796801,0.000000,0.000000,0.141799,0.000000,0.000000
RS,HPSS,6,0.124464,0.124440,0.561807,0.911485,0.000000,0.000000,0.142749,0.000000,0.000000
RS,HPSS,7,0.117998,0.117419,0.494960,0.894964,0.000000,0.000000,0.071911,0.000000,0.000000
RS,HPSS,8,0.146244,0.145917,0.492009,0.773937,0.000000,0.000000,0.127697,0.000000,0.000000
RS,HPSS,9,0.153381,0.152833,0.483514,0.671521,0.000000,0.000000,0.091765,0.000000,0.000000
RS,HPSS,10,0.130063,0.129242,0.615249,0.752166,0.000000,0.000000,0.104667,0.000000,0.000000
RS,HPSS,11,0.159545,0.159426,0.468338,0.907980,0.000000,0.000000,0.128742,0.000000,0.000000
RS,HPSS,12,0.126166,0.125942,0.560268,0.768406,0.000000,0.000000,0.059358,0.000000,0.000000
RS,HPSS,13,0.126248,0.126060,0.558480,0.608822,0.000000,0.000000,0.068763,0.000000,0.000000
RS,HPSS,14,0.143237,0.142636,0.485099,0.720191,0.000000,0.000000,0.045700,0.000000,0.000000
RS,HPSS,15,0.130500,0.130403,0.494617,0.862473,0.000000,0.000000,0.151885,0.000000,0.000000
RS,HPSS,16,0.172285,0.172104,0.540700,0.485937,0.000000,0.000000,0.077681,0.000000,0.000000
RS,HPSS,17,0.151209,0.151200,0.452956,0.909080,0.000000,0.000000,0.104756,0.000000,0.000000
RS,HPSS,18,0.111146,0.110973,0.494319,0.764784,0.000000,0.000000,0.054398,0.000000,0.000000
RS,HPSS,19,0.101342,0.101306,0.544769,1.000996,0.000000,0.000000,0.116737,0.000000,0.000000
RS,HPSS,20,0.150001,0.149654,0.558138,0.578676,0.000000,0.000000,0.098913,0.000000,0.000000
RS,HPSS,21,0.122444,0.122407,0.502090,0.674628,0.000000,0.000000,0.056304,0.000000,0.000000
RS,HPSS,22,0.127493,0.127493,0.521637,0.816446,0.000000,0.000000,0.109361,0.000000,0.000000
RS,HPSS,23,0.142709,0.142709,0.494456,0.760830,0.000000,0.000000,0.087147,0.000000,0.000000
RS,HPSS,24,0.303580,0.303580,0.470797,0.780475,0.000000,0.000000,0.200883,0.000000,0.000000
RS,HPSS,25,0.174238,0.174169,0.485864,0.881514,0.000000,0.000000,0.110686,0.000000,0.000000
RS,HPSS,26,0.170342,0.170194,0.474913,0.699105,0.000000,0.000000,0.046533,0.000000,0.000000
RS,HPSS,27,0.104895,0.104620,0.480468,0.720512,0.000000,0.000000,0.048767,0.000000,0.000000
RS,HPSS,28,0.124778,0.124644,0.473955,0.951604,0.000000,0.000000,0.133183,0.000000,0.000000
RS,HPSS,29,0.147450,0.147199,0.503072,0.658622,0.000000,0.000000,0.037669,0.000000,0.000000
RS,HPSS,30,0.141650,0.141415,0.453083,0.821553,0.000000,0.000000,0.079941,0.000000,0.000000
RS,HPSS,31,0.149454,0.149454,0.533877,0.590875,0.000000,0.000000,0.052433,0.000000,0.000000
RS,HPSS,32,0.137888,0.137647,0.492053,0.670111,0.000000,0.000000,0.057763,0.000000,0.000000
RS,HPSS,33,0.142332,0.142267,0.520790,0.610030,0.000000,0.000000,0.052106,0.000000,0.000000
RS,HPSS,34,0.105836,0.105727,0.556245,0.752872,0.000000,0.000000,0.056813,0.000000,0.000000
RS,HPSS,35,0.166110,0.166110,0.518727,0.719002,0.000000,0.000000,0.071137,0.000000,0.000000
RS,HPSS,36,0.159583,0.159583,0.455215,0.670079,0.000000,0.000000,0.067352,0.000000,0.000000
RS,HPSS,37,0.149207,0.149197,0.476006,0.913725,0.000000,0.000000,0.099459,0.000000,0.000000
RS,HPSS,38,0.120955,0.120882,0.430635,0.716634,0.000000,0.000000,0.047872,0.000000,0.000000
RS,HPSS,39,0.149232,0.149231,0.494939,0.846121,0.000000,0.000000,0.069710,0.000000,0.000000
RS,HPSS,40,0.099926,0.099656,0.438662,0.911456,0.000000,0.000000,0.075304,0.000000,0.000000
RS,HPSS,41,0.158606,0.158427,0.490403,0.680665,0.000000,0.000000,0.056119,0.000000,0.000000
RS,HPSS,42,0.145481,0.145481,0.463174,0.738812,0.000000,0.000000,0.087151,0.000000,0.000000
RS,HPSS,43,0.139541,0.139531,0.493110,0.669081,0.000000,0.000000,0.049084,0.000000,0.000000
RS,HPSS,44,0.142387,0.142273,0.512016,0.586069,0.000000,0.000000,0.057787,0.000000,0.000000
RS,HPSS,45,0.141499,0.141395,0.445066,0.778963,0.000000,0.000000,0.082491,0.000000,0.000000
RS,HPSS,46,0.118221,0.118216,0.532235,0.736614,0.000000,0.000000,0.038052,0.000000,0.000000
RS,HPSS,47,0.128871,0.128485,0.511613,0.802313,0.000000,0.000000,0.121328,0.000000,0.000000
RS,HPSS,48,0.113211,0.113211,0.504489,0.958557,0.000000,0.000000,0.148479,0.000000,0.000000
RS,HPSS,49,0.173195,0.173177,0.478929,0.815006,0.000000,0.000000,0.173462,0.000000,0.000000
RS,HPSS,50,0.140406,0.140243,0.504711,0.548795,0.000000,0.000000,0.015764,0.000000,0.000000
OPAM,UAV,1,0.003219,0.003159,0.912606,0.324950,0.053191,0.147059,0.018031,0.481481,0.147059
OPAM,UAV,2,0.003735,0.003279,0.909179,0.412972,0.006579,0.029412,0.021506,0.074074,0.029412
OPAM,UAV,3,0.005807,0.005611,0.891433,0.610619,0.000000,0.000000,0.027000,0.000000,0.000000
OPAM,UAV,4,0.005146,0.005146,0.900511,0.327865,0.007463,0.029412,0.044505,0.185185,0.029412
OPAM,UAV,5,0.005540,0.002170,0.912435,0.285104,0.022727,0.058824,0.049975,0.222222,0.058824
OPAM,UAV,6,0.002937,0.002450,0.914501,0.492751,0.013158,0.058824,0.028125,0.086420,0.058824
OPAM,UAV,7,0.005250,0.005004,0.902086,0.204723,0.006250,0.029412,0.043398,0.024691,0.029412
OPAM,UAV,8,0.004396,0.003878,0.911364,0.324609,0.012500,0.058824,0.030149,0.037037,0.058824
OPAM,UAV,9,0.002403,0.002403,0.914080,0.191420,0.032895,0.147059,0.053603,0.123457,0.147059
OPAM,UAV,10,0.004219,0.003758,0.910252,0.320281,0.022727,0.058824,0.044223,0.222222,0.058824
OPAM,UAV,11,0.002763,0.002283,0.912512,0.588154,0.018750,0.088235,0.029910,0.049383,0.088235
OPAM,UAV,12,0.003099,0.002433,0.899694,0.669542,0.029412,0.088235,0.029423,0.407407,0.088235
OPAM,UAV,13,0.008081,0.007758,0.895467,0.292206,0.016129,0.058824,0.041103,0.259259,0.058824
OPAM,UAV,14,0.005036,0.004916,0.904892,0.399909,0.007463,0.029412,0.019827,0.185185,0.029412
OPAM,UAV,15,0.003650,0.003650,0.907327,0.297189,0.024194,0.088235,0.018721,0.271605,0.088235
OPAM,UAV,16,0.005922,0.005702,0.906451,0.408653,0.012346,0.029412,0.048063,0.024691,0.029412
OPAM,UAV,17,0.004228,0.004228,0.903589,0.592290,0.000000,0.000000,0.034614,0.000000,0.000000
OPAM,UAV,18,0.004129,0.004129,0.906845,0.491103,0.023810,0.088235,0.045188,0.259259,0.088235
OPAM,UAV,19,0.003209,0.002982,0.892130,0.640389,0.053191,0.147059,0.025374,0.481481,0.147059
OPAM,UAV,20,0.006615,0.006062,0.902469,0.407225,0.019608,0.058824,0.043829,0.395062,0.058824
OPAM,UAV,21,0.004586,0.003794,0.898427,0.605152,0.000000,0.000000,0.035923,0.000000,0.000000
OPAM,UAV,22,0.003815,0.003815,0.907152,0.298718,0.013158,0.058824,0.047187,0.086420,0.058824
OPAM,UAV,23,0.005648,0.005246,0.902363,0.285815,0.000000,0.000000,0.043261,0.000000,0.000000
OPAM,UAV,24,0.005679,0.002878,0.905424,0.254859,0.028846,0.058824,0.053295,0.395062,0.058824
OPAM,UAV,25,0.003498,0.002800,0.914028,0.251718,0.012346,0.058824,0.027145,0.024691,0.058824
OPAM,UAV,26,0.006423,0.006422,0.897949,0.255062,0.000000,0.000000,0.042344,0.000000,0.000000
OPAM,UAV,27,0.004737,0.004635,0.900621,0.471981,0.000000,0.000000,0.022362,0.000000,0.000000
OPAM,UAV,28,0.004003,0.003663,0.895909,0.472810,0.000000,0.000000,0.018552,0.000000,0.000000
OPAM,UAV,29,0.005081,0.005081,0.881444,0.651424,0.000000,0.000000,0.032888,0.000000,0.000000
OPAM,UAV,30,0.006155,0.005213,0.905870,0.459957,0.000000,0.000000,0.039542,0.000000,0.000000
OPAM,UAV,31,0.007403,0.007135,0.896280,0.507592,0.006579,0.029412,0.031647,0.074074,0.029412
OPAM,UAV,32,0.004112,0.003770,0.903693,0.372401,0.000000,0.000000,0.036692,0.000000,0.000000
OPAM,UAV,33,0.003991,0.003991,0.905090,0.472491,0.048780,0.117647,0.023527,0.543210,0.117647
OPAM,UAV,34,0.004044,0.003890,0.905291,0.528468,0.032609,0.088235,0.035015,0.469136,0.088235
OPAM,UAV,35,0.005466,0.005145,0.899538,0.433990,0.007692,0.029412,0.033335,0.209877,0.029412
OPAM,UAV,36,0.002828,0.002828,0.893439,0.684180,0.007463,0.029412,0.041082,0.185185,0.029412
OPAM,UAV,37,0.004584,0.004584,0.906806,0.311279,0.006250,0.029412,0.047985,0.024691,0.029412
OPAM,UAV,38,0.002874,0.002390,0.901803,0.511813,0.000000,0.000000,0.022272,0.000000,0.000000
OPAM,UAV,39,0.004483,0.004273,0.904355,0.357105,0.006579,0.029412,0.049794,0.074074,0.029412
OPAM,UAV,40,0.002947,0.002514,0.900686,0.579086,0.000000,0.000000,0.024465,0.000000,0.000000
OPAM,UAV,41,0.005830,0.005688,0.906954,0.579068,0.006173,0.029412,0.040977,0.012346,0.029412
OPAM,UAV,42,0.003787,0.003268,0.909128,0.274057,0.000000,0.000000,0.048251,0.000000,0.000000
OPAM,UAV,43,0.003320,0.003230,0.905106,0.413153,0.000000,0.000000,0.037776,0.000000,0.000000
OPAM,UAV,44,0.004601,0.004483,0.898862,0.554999,0.015385,0.058824,0.025138,0.222222,0.058824
OPAM,UAV,45,0.004153,0.003864,0.907754,0.530138,0.007692,0.029412,0.041141,0.209877,0.029412
OPAM,UAV,46,0.006724,0.006671,0.885437,0.638250,0.006173,0.029412,0.032399,0.012346,0.029412
OPAM,UAV,47,0.003794,0.003558,0.909460,0.306264,0.012346,0.058824,0.039610,0.024691,0.058824
OPAM,UAV,48,0.003855,0.003480,0.903147,0.412602,0.006579,0.029412,0.044433,0.074074,0.029412
OPAM,UAV,49,0.004143,0.004143,0.896008,0.451113,0.041667,0.088235,0.032306,0.456790,0.088235
OPAM,UAV,50,0.003366,0.003363,0.893713,0.651351,0.023810,0.088235,0.026958,0.259259,0.088235
RS,UAV,1,0.071844,0.071760,0.705954,0.616548,0.000000,0.000000,0.058003,0.000000,0.000000
RS,UAV,2,0.123994,0.123927,0.729955,0.359993,0.000000,0.000000,0.037495,0.000000,0.000000
RS,UAV,3,0.065649,0.065649,0.744960,0.696214,0.000000,0.000000,0.065123,0.000000,0.000000
RS,UAV,4,0.069852,0.069822,0.785464,0.648848,0.000000,0.000000,0.126827,0.000000,0.000000
RS,UAV,5,0.067632,0.067632,0.762243,0.578142,0.000000,0.000000,0.047944,0.000000,0.000000
RS,UAV,6,0.112352,0.112352,0.735010,0.611111,0.000000,0.000000,0.060297,0.000000,0.000000
RS,UAV,7,0.049099,0.049099,0.792873,0.739387,0.000000,0.000000,0.110759,0.000000,0.000000
RS,UAV,8,0.140207,0.140207,0.734598,0.501081,0.000000,0.000000,0.075465,0.000000,0.000000
RS,UAV,9,0.067907,0.067907,0.754895,0.700287,0.000000,0.000000,0.039195,0.000000,0.000000
RS,UAV,10,0.042077,0.042077,0.800608,0.506855,0.000000,0.000000,0.104954,0.000000,0.000000
RS,UAV,11,0.078582,0.078582,0.800361,0.550346,0.000000,0.000000,0.102467,0.000000,0.000000
RS,UAV,12,0.101868,0.101868,0.754943,0.909281,0.000000,0.000000,0.214036,0.000000,0.000000
RS,UAV,13,0.068896,0.068852,0.752688,0.473358,0.000000,0.000000,0.048577,0.000000,0.000000
RS,UAV,14,0.072001,0.072001,0.748259,0.553063,0.000000,0.000000,0.053960,0.000000,0.000000
RS,UAV,15,0.060944,0.060925,0.764894,0.806489,0.000000,0.000000,0.092580,0.000000,0.000000
RS,UAV,16,0.064788,0.064637,0.728907,0.550109,0.000000,0.000000,0.053637,0.000000,0.000000
RS,UAV,17,0.080132,0.080098,0.735242,0.490504,0.000000,0.000000,0.041765,0.000000,0.000000
RS,UAV,18,0.044824,0.044824,0.805348,0.832031,0.000000,0.000000,0.200201,0.000000,0.000000
RS,UAV,19,0.097557,0.097557,0.699799,0.589950,0.000000,0.000000,0.105402,0.000000,0.000000
RS,UAV,20,0.089689,0.089680,0.732712,0.682482,0.000000,0.000000,0.105856,0.000000,0.000000
RS,UAV,21,0.085130,0.085130,0.747710,0.756352,0.000000,0.000000,0.171963,0.000000,0.000000
RS,UAV,22,0.084941,0.084550,0.776230,0.539316,0.000000,0.000000,0.112841,0.000000,0.000000
RS,UAV,23,0.070815,0.070815,0.780636,0.581463,0.000000,0.000000,0.051592,0.000000,0.000000
RS,UAV,24,0.081079,0.081079,0.745522,0.656468,0.000000,0.000000,0.094374,0.000000,0.000000
RS,UAV,25,0.074232,0.074104,0.759259,0.819924,0.000000,0.000000,0.132867,0.000000,0.000000
RS,UAV,26,0.076034,0.075929,0.773664,0.522551,0.000000,0.000000,0.071454,0.000000,0.000000
RS,UAV,27,0.102619,0.102619,0.718817,0.709739,0.000000,0.000000,0.072903,0.000000,0.000000
RS,UAV,28,0.070261,0.070261,0.747282,0.709370,0.000000,0.000000,0.113670,0.000000,0.000000
RS,UAV,29,0.060312,0.060312,0.766649,0.628556,0.000000,0.000000,0.066262,0.000000,0.000000
RS,UAV,30,0.069097,0.069097,0.735307,0.547787,0.000000,0.000000,0.047140,0.000000,0.000000
RS,UAV,31,0.057317,0.057317,0.750675,0.678306,0.000000,0.000000,0.115837,0.000000,0.000000
RS,UAV,32,0.083508,0.083508,0.782719,0.481947,0.000000,0.000000,0.088565,0.000000,0.000000
RS,UAV,33,0.064478,0.064478,0.743170,0.737066,0.000000,0.000000,0.095552,0.000000,0.000000
RS,UAV,34,0.096685,0.096685,0.731567,0.478717,0.000000,0.000000,0.054278,0.000000,0.000000
RS,UAV,35,0.081927,0.081927,0.780629,0.370000,0.000000,0.000000,0.036912,0.000000,0.000000
RS,UAV,36,0.055269,0.054931,0.780068,0.676325,0.000000,0.000000,0.136316,0.000000,0.000000
RS,UAV,37,0.064013,0.064013,0.789225,0.591467,0.000000,0.000000,0.093941,0.000000,0.000000
RS,UAV,38,0.075744,0.075744,0.759280,0.779498,0.000000,0.000000,0.081657,0.000000,0.000000
RS,UAV,39,0.055693,0.055693,0.764058,0.545501,0.000000,0.000000,0.060548,0.000000,0.000000
RS,UAV,40,0.079140,0.079140,0.726908,0.627980,0.000000,0.000000,0.108525,0.000000,0.000000
RS,UAV,41,0.067730,0.067730,0.738249,0.650474,0.000000,0.000000,0.062510,0.000000,0.000000
RS,UAV,42,0.064956,0.064956,0.793331,0.440686,0.000000,0.000000,0.053019,0.000000,0.000000
RS,UAV,43,0.084526,0.084526,0.742312,0.647891,0.000000,0.000000,0.121468,0.000000,0.000000
RS,UAV,44,0.092491,0.092491,0.734613,0.759890,0.000000,0.000000,0.137251,0.000000,0.000000
RS,UAV,45,0.064294,0.064294,0.754863,0.780254,0.000000,0.000000,0.114493,0.000000,0.000000
RS,UAV,46,0.060727,0.060727,0.768386,0.552370,0.000000,0.000000,0.064063,0.000000,0.000000
RS,UAV,47,0.070279,0.070279,0.760034,0.458876,0.000000,0.000000,0.078586,0.000000,0.000000
RS,UAV,48,0.079304,0.079304,0.741585,0.643346,0.000000,0.000000,0.085677,0.000000,0.000000
RS,UAV,49,0.076331,0.076331,0.753476,0.719117,0.000000,0.000000,0.049390,0.000000,0.000000
RS,UAV,50,0.120746,0.120622,0.732553,0.578893,0.000000,0.000000,0.134131,0.000000,0.000000
