TestID,Approach,Subject,Run,GD,GDP,HV,GS,CI,UNFR,SP,CS,CSunique
1,OPAM,CCS,1,0.094559,0.094559,0.878677,1.025562,0.025316,0.500000,0.080562,1.000000,0.500000
1,OPAM,CCS,2,0.071138,0.071138,0.878677,0.953647,0.025316,0.500000,0.076563,1.000000,0.500000
1,OPAM,CCS,3,0.083858,0.083858,0.878677,1.035666,0.019231,0.500000,0.054420,1.000000,0.500000
1,OPAM,CCS,4,0.081804,0.081804,0.878677,0.900691,0.025316,0.500000,0.085618,1.000000,0.500000
1,OPAM,CCS,5,0.088998,0.088998,0.878677,1.035666,0.025316,0.500000,0.052053,1.000000,0.500000
1,OPAM,CCS,6,0.102023,0.102023,0.878677,0.925769,0.025316,0.500000,0.087258,1.000000,0.500000
1,OPAM,CCS,7,0.082380,0.082380,0.878677,0.975936,0.025316,0.500000,0.041247,1.000000,0.500000
1,OPAM,CCS,8,0.105877,0.105877,0.878677,1.115325,0.025316,0.500000,0.057248,1.000000,0.500000
1,OPAM,CCS,9,0.104541,0.104541,0.878677,0.589877,0.031250,0.500000,0.157211,1.000000,0.500000
1,OPAM,CCS,10,0.109820,0.109820,0.848347,0.303704,0.001792,0.500000,0.068592,0.730216,0.500000
1,OPAM,CCS,11,0.084420,0.084420,0.848347,0.552000,0.001792,0.500000,0.067356,0.730216,0.500000
1,OPAM,CCS,12,0.110028,0.110028,0.878677,0.848078,0.025316,0.500000,0.093983,1.000000,0.500000
1,OPAM,CCS,13,0.110993,0.110993,0.878677,0.780579,0.025316,0.500000,0.072878,1.000000,0.500000
1,OPAM,CCS,14,0.099526,0.099526,0.878677,1.067518,0.025316,0.500000,0.022452,1.000000,0.500000
1,OPAM,CCS,15,0.069701,0.069701,0.878677,1.100817,0.025316,0.500000,0.030744,1.000000,0.500000
1,OPAM,CCS,16,0.067075,0.067075,0.878677,0.786164,0.019231,0.500000,0.271894,1.000000,0.500000
1,OPAM,CCS,17,0.113461,0.113461,0.878677,1.062238,0.019231,0.500000,0.055959,1.000000,0.500000
1,OPAM,CCS,18,0.069252,0.069252,0.878677,1.030928,0.025316,0.500000,0.062353,1.000000,0.500000
1,OPAM,CCS,19,0.060245,0.060245,0.878677,1.172162,0.025316,0.500000,0.030744,1.000000,0.500000
1,OPAM,CCS,20,0.090754,0.090754,0.878677,0.930216,0.031250,0.500000,0.080138,1.000000,0.500000
1,OPAM,CCS,21,0.104167,0.104167,0.878677,0.895113,0.025316,0.500000,0.036664,1.000000,0.500000
1,OPAM,CCS,22,0.094629,0.094629,0.878677,1.098674,0.019231,0.500000,0.042279,1.000000,0.500000
1,OPAM,CCS,23,0.072546,0.072546,0.878677,0.885949,0.037037,0.500000,0.021002,1.000000,0.500000
1,OPAM,CCS,24,0.134180,0.134180,0.878677,0.766227,0.025316,0.500000,0.083128,1.000000,0.500000
1,OPAM,CCS,25,0.073528,0.073528,0.878677,1.035666,0.025316,0.500000,0.029346,1.000000,0.500000
1,OPAM,CCS,26,0.107328,0.107328,0.848347,0.354167,0.003571,0.500000,0.067506,0.730216,0.500000
1,OPAM,CCS,27,0.074676,0.074676,0.878677,1.210440,0.025316,0.500000,0.018332,1.000000,0.500000
1,OPAM,CCS,28,0.116259,0.116259,0.818016,0.562500,0.003571,0.500000,0.050204,0.730216,0.500000
1,OPAM,CCS,29,0.121256,0.121256,0.878677,0.842512,0.012987,1.000000,0.326571,1.000000,1.000000
1,OPAM,CCS,30,0.096635,0.096635,0.878677,0.920978,0.025316,0.500000,0.041247,1.000000,0.500000
1,OPAM,CCS,31,0.086083,0.086083,0.878677,1.135661,0.025316,0.500000,0.034296,1.000000,0.500000
1,OPAM,CCS,32,0.087790,0.087790,0.848347,0.440374,0.007092,0.500000,0.135224,0.730216,0.500000
1,OPAM,CCS,33,0.110421,0.110421,0.848347,0.294737,0.003571,0.500000,0.097112,0.730216,0.500000
1,OPAM,CCS,34,0.100659,0.100659,0.878677,0.920978,0.025316,0.500000,0.063006,1.000000,0.500000
1,OPAM,CCS,35,0.056689,0.056689,0.878677,1.100817,0.025316,0.500000,0.029346,1.000000,0.500000
1,OPAM,CCS,36,0.067496,0.067496,0.878677,1.067518,0.025316,0.500000,0.036664,1.000000,0.500000
1,OPAM,CCS,37,0.080288,0.080288,0.878677,0.947897,0.025316,0.500000,0.049361,1.000000,0.500000
1,OPAM,CCS,38,0.098639,0.098639,0.878677,0.839412,0.025316,0.500000,0.063902,1.000000,0.500000
1,OPAM,CCS,39,0.091917,0.091917,0.878677,0.804507,0.025316,0.500000,0.124068,1.000000,0.500000
1,OPAM,CCS,40,0.073271,0.073271,0.848347,0.485714,0.003571,0.500000,0.122975,0.730216,0.500000
1,OPAM,CCS,41,0.119149,0.119149,0.878677,0.846307,0.025316,0.500000,0.049361,1.000000,0.500000
1,OPAM,CCS,42,0.117633,0.117633,0.878677,1.067518,0.025316,0.500000,0.057242,1.000000,0.500000
1,OPAM,CCS,43,0.093119,0.093119,0.878677,0.701247,0.025316,0.500000,0.073829,1.000000,0.500000
1,OPAM,CCS,44,0.117115,0.117115,0.848347,0.416745,0.003571,0.500000,0.225269,0.730216,0.500000
1,OPAM,CCS,45,0.082380,0.082380,0.848347,0.513043,0.003571,0.500000,0.054227,0.730216,0.500000
1,OPAM,CCS,46,0.075807,0.075807,0.878677,1.035666,0.025316,0.500000,0.047848,1.000000,0.500000
1,OPAM,CCS,47,0.035053,0.035053,0.878677,1.135661,0.025316,0.500000,0.018332,1.000000,0.500000
1,OPAM,CCS,48,0.104890,0.104890,0.878677,1.067518,0.025316,0.500000,0.000000,1.000000,0.500000
1,OPAM,CCS,49,0.093149,0.093149,0.848347,0.466667,0.001792,0.500000,0.055943,0.730216,0.500000
1,OPAM,CCS,50,0.068979,0.068979,0.878677,0.969975,0.025316,0.500000,0.063902,1.000000,0.500000
1,SEQ,CCS,1,0.132662,0.132662,0.575371,0.529730,0.003571,0.500000,0.061658,0.730216,0.500000
1,SEQ,CCS,2,0.139088,0.139088,0.484379,0.819940,0.003571,0.500000,0.097894,0.730216,0.500000
1,SEQ,CCS,3,0.130869,0.130869,0.575371,0.441026,0.003571,0.500000,0.066256,0.730216,0.500000
1,SEQ,CCS,4,0.145514,0.145514,0.484379,0.916528,0.003571,0.500000,0.059579,0.730216,0.500000
1,SEQ,CCS,5,0.130099,0.130099,0.484379,0.783431,0.003571,0.500000,0.120743,0.730216,0.500000
1,SEQ,CCS,6,0.137516,0.137516,0.545040,0.544592,0.003571,0.500000,0.108813,0.730216,0.500000
1,SEQ,CCS,7,0.129808,0.129808,0.605702,0.558798,0.003571,0.500000,0.121484,0.730216,0.500000
1,SEQ,CCS,8,0.134317,0.134317,0.575371,0.476623,0.003571,0.500000,0.127136,0.730216,0.500000
1,SEQ,CCS,9,0.130869,0.130869,0.575371,0.441026,0.003571,0.500000,0.066256,0.730216,0.500000
1,SEQ,CCS,10,0.142337,0.142337,0.484379,0.744908,0.003571,0.500000,0.096570,0.730216,0.500000
1,SEQ,CCS,11,0.132662,0.132662,0.575371,0.529730,0.003571,0.500000,0.061658,0.730216,0.500000
1,SEQ,CCS,12,0.137628,0.137628,0.484379,0.834248,0.003571,0.500000,0.061488,0.730216,0.500000
1,SEQ,CCS,13,0.148623,0.148623,0.484379,0.808336,0.003571,0.500000,0.098827,0.730216,0.500000
1,SEQ,CCS,14,0.136091,0.136091,0.575371,0.435109,0.003571,0.500000,0.110296,0.730216,0.500000
1,SEQ,CCS,15,0.142859,0.142859,0.484379,0.678732,0.003571,0.500000,0.109489,0.730216,0.500000
1,SEQ,CCS,16,0.133094,0.133094,0.575371,0.471507,0.003571,0.500000,0.121413,0.730216,0.500000
1,SEQ,CCS,17,0.126536,0.126536,0.484379,0.839041,0.003571,0.500000,0.036664,0.730216,0.500000
1,SEQ,CCS,18,0.124957,0.124957,0.575371,0.441026,0.003571,0.500000,0.066256,0.730216,0.500000
1,SEQ,CCS,19,0.130670,0.130670,0.484379,0.748502,0.003571,0.500000,0.101354,0.730216,0.500000
1,SEQ,CCS,20,0.137679,0.137679,0.575371,0.474470,0.003571,0.500000,0.066256,0.730216,0.500000
1,SEQ,CCS,21,0.139088,0.139088,0.484379,0.802563,0.003571,0.500000,0.130399,0.730216,0.500000
1,SEQ,CCS,22,0.140869,0.140869,0.541254,0.419038,0.003571,0.500000,0.080565,0.730216,0.500000
1,SEQ,CCS,23,0.135761,0.135761,0.484379,0.896164,0.003571,0.500000,0.059579,0.730216,0.500000
1,SEQ,CCS,24,0.132662,0.132662,0.575371,0.529730,0.003571,0.500000,0.061658,0.730216,0.500000
1,SEQ,CCS,25,0.145514,0.145514,0.484379,0.690366,0.003571,0.500000,0.066256,0.730216,0.500000
1,SEQ,CCS,26,0.142859,0.142859,0.484379,0.678732,0.003571,0.500000,0.109489,0.730216,0.500000
1,SEQ,CCS,27,0.129808,0.129808,0.605702,0.558798,0.003571,0.500000,0.121484,0.730216,0.500000
1,SEQ,CCS,28,0.137679,0.137679,0.575371,0.474470,0.003571,0.500000,0.066256,0.730216,0.500000
1,SEQ,CCS,29,0.136948,0.136948,0.484379,0.760646,0.003571,0.500000,0.091201,0.730216,0.500000
1,SEQ,CCS,30,0.133186,0.133186,0.878677,0.574415,0.005338,0.500000,0.146374,1.000000,0.500000
1,SEQ,CCS,31,0.132662,0.132662,0.575371,0.529730,0.003571,0.500000,0.061658,0.730216,0.500000
1,SEQ,CCS,32,0.134317,0.134317,0.575371,0.476623,0.003571,0.500000,0.127136,0.730216,0.500000
1,SEQ,CCS,33,0.130869,0.130869,0.575371,0.441026,0.003571,0.500000,0.066256,0.730216,0.500000
1,SEQ,CCS,34,0.134317,0.134317,0.575371,0.326980,0.003571,0.500000,0.130735,0.730216,0.500000
1,SEQ,CCS,35,0.134317,0.134317,0.575371,0.326980,0.003571,0.500000,0.130735,0.730216,0.500000
1,SEQ,CCS,36,0.134317,0.134317,0.575371,0.326980,0.003571,0.500000,0.130735,0.730216,0.500000
1,SEQ,CCS,37,0.126237,0.126237,0.605702,0.542857,0.003571,0.500000,0.057242,0.730216,0.500000
1,SEQ,CCS,38,0.140152,0.140152,0.521516,0.504504,0.003571,0.500000,0.137511,0.730216,0.500000
1,SEQ,CCS,39,0.139385,0.139385,0.575371,0.529730,0.003571,0.500000,0.061658,0.730216,0.500000
1,SEQ,CCS,40,0.130869,0.130869,0.575371,0.441026,0.003571,0.500000,0.066256,0.730216,0.500000
1,SEQ,CCS,41,0.139088,0.139088,0.514710,0.771095,0.003571,0.500000,0.122080,0.730216,0.500000
1,SEQ,CCS,42,0.149123,0.149123,0.484379,0.736944,0.003571,0.500000,0.102264,0.730216,0.500000
1,SEQ,CCS,43,0.136065,0.136065,0.575371,0.537073,0.003571,0.500000,0.122439,0.730216,0.500000
1,SEQ,CCS,44,0.135113,0.135113,0.502948,0.546056,0.003571,0.500000,0.097829,0.730216,0.500000
1,SEQ,CCS,45,0.126536,0.126536,0.484379,0.839041,0.003571,0.500000,0.036664,0.730216,0.500000
1,SEQ,CCS,46,0.142429,0.142429,0.541254,0.411494,0.003571,0.500000,0.100517,0.730216,0.500000
1,SEQ,CCS,47,0.145514,0.145514,0.514710,0.658758,0.003571,0.500000,0.109861,0.730216,0.500000
1,SEQ,CCS,48,0.137516,0.137516,0.545040,0.648268,0.003571,0.500000,0.121484,0.730216,0.500000
1,SEQ,CCS,49,0.129808,0.129808,0.605702,0.558798,0.003571,0.500000,0.121484,0.730216,0.500000
1,SEQ,CCS,50,0.131738,0.131738,0.605702,0.423219,0.003571,0.500000,0.125696,0.730216,0.500000
1,OPAM,ESAIL,1,0.050420,0.050420,0.949580,1.000000,0.000000,0.000000,0.000000,0.000000,0.000000
1,OPAM,ESAIL,2,0.034459,0.034459,0.951268,1.000000,0.000000,0.000000,0.000000,0.000000,0.000000
1,OPAM,ESAIL,3,0.041869,0.041869,0.958131,1.000000,0.000000,0.000000,0.000000,0.000000,0.000000
1,OPAM,ESAIL,4,0.024596,0.024596,0.950808,1.000000,0.000000,0.000000,0.000000,0.000000,0.000000
1,OPAM,ESAIL,5,0.028360,0.028360,0.950879,1.000000,0.000000,0.000000,0.000000,0.000000,0.000000
1,OPAM,ESAIL,6,0.045791,0.045791,0.954209,1.000000,0.000000,0.000000,0.000000,0.000000,0.000000
1,OPAM,ESAIL,7,0.016062,0.016062,0.954570,1.000000,0.000000,0.000000,0.000000,0.000000,0.000000
1,OPAM,ESAIL,8,0.096283,0.096283,0.903717,1.000000,0.000000,0.000000,0.000000,0.000000,0.000000
1,OPAM,ESAIL,9,0.045819,0.045819,0.954181,1.000000,0.000000,0.000000,0.000000,0.000000,0.000000
1,OPAM,ESAIL,10,0.047331,0.047331,0.952669,1.000000,0.000000,0.000000,0.000000,0.000000,0.000000
1,OPAM,ESAIL,11,0.045430,0.045430,0.954570,1.000000,0.000000,0.000000,0.000000,0.000000,0.000000
1,OPAM,ESAIL,12,0.033008,0.033008,0.953320,1.000000,0.000000,0.000000,0.000000,0.000000,0.000000
1,OPAM,ESAIL,13,0.050892,0.050892,0.949108,1.000000,0.000000,0.000000,0.000000,0.000000,0.000000
1,OPAM,ESAIL,14,0.046654,0.046654,0.953346,1.000000,0.000000,0.000000,0.000000,0.000000,0.000000
1,OPAM,ESAIL,15,0.033600,0.033600,0.952482,1.000000,0.000000,0.000000,0.000000,0.000000,0.000000
1,OPAM,ESAIL,16,0.032715,0.032715,0.953734,1.000000,0.000000,0.000000,0.000000,0.000000,0.000000
1,OPAM,ESAIL,17,0.032124,0.032124,0.954570,1.000000,0.000000,0.000000,0.000000,0.000000,0.000000
1,OPAM,ESAIL,18,0.023665,0.023665,0.952669,1.000000,0.000000,0.000000,0.000000,0.000000,0.000000
1,OPAM,ESAIL,19,0.019046,0.019046,0.953346,1.000000,0.000000,0.000000,0.000000,0.000000,0.000000
1,OPAM,ESAIL,20,0.047331,0.047331,0.952669,1.000000,0.000000,0.000000,0.000000,0.000000,0.000000
1,OPAM,ESAIL,21,0.035059,0.035059,0.950419,1.000000,0.000000,0.000000,0.000000,0.000000,0.000000
1,OPAM,ESAIL,22,0.014967,0.014967,0.952669,1.000000,0.000000,0.000000,0.000000,0.000000,0.000000
1,OPAM,ESAIL,23,0.354656,0.354656,0.206965,1.000000,0.000000,0.000000,0.000000,0.000000,0.000000
1,OPAM,ESAIL,24,0.027768,0.027768,0.951905,1.000000,0.000000,0.000000,0.000000,0.000000,0.000000
1,OPAM,ESAIL,25,0.021669,0.021669,0.951547,1.000000,0.000000,0.000000,0.000000,0.000000,0.000000
1,OPAM,ESAIL,26,0.000000,0.000000,1.000000,1.000000,0.500000,1.000000,0.000000,1.000000,1.000000
1,OPAM,ESAIL,27,0.020876,0.020876,0.953320,1.000000,0.000000,0.000000,0.000000,0.000000,0.000000
1,OPAM,ESAIL,28,0.045430,0.045430,0.954570,1.000000,0.000000,0.000000,0.000000,0.000000,0.000000
1,OPAM,ESAIL,29,0.043386,0.043386,0.938643,1.000000,0.000000,0.000000,0.000000,0.000000,0.000000
1,OPAM,ESAIL,30,0.029606,0.029606,0.958131,1.000000,0.000000,0.000000,0.000000,0.000000,0.000000
1,OPAM,ESAIL,31,0.031887,0.031887,0.944769,1.000000,0.000000,0.000000,0.000000,0.000000,0.000000
1,OPAM,ESAIL,32,0.027896,0.027896,0.951682,1.000000,0.000000,0.000000,0.000000,0.000000,0.000000
1,OPAM,ESAIL,33,0.014497,0.014497,0.954155,1.000000,0.000000,0.000000,0.000000,0.000000,0.000000
1,OPAM,ESAIL,34,0.151275,0.151275,0.944249,0.203893,0.000000,0.000000,0.163470,0.000000,0.000000
1,OPAM,ESAIL,35,0.027648,0.027648,0.952112,1.000000,0.000000,0.000000,0.000000,0.000000,0.000000
1,OPAM,ESAIL,36,0.019992,0.019992,0.943454,1.000000,0.000000,0.000000,0.000000,0.000000,0.000000
1,OPAM,ESAIL,37,0.026712,0.026712,0.953734,1.000000,0.000000,0.000000,0.000000,0.000000,0.000000
1,OPAM,ESAIL,38,0.187039,0.187039,0.932579,0.028468,0.000000,0.000000,0.413968,0.000000,0.000000
1,OPAM,ESAIL,39,0.022895,0.022895,0.954209,1.000000,0.000000,0.000000,0.000000,0.000000,0.000000
1,OPAM,ESAIL,40,0.014409,0.014409,0.954435,1.000000,0.000000,0.000000,0.000000,0.000000,0.000000
1,OPAM,ESAIL,41,0.793035,0.793035,0.206965,1.000000,0.000000,0.000000,0.000000,0.000000,0.000000
1,OPAM,ESAIL,42,0.060276,0.060276,0.939724,1.000000,0.000000,0.000000,0.000000,0.000000,0.000000
1,OPAM,ESAIL,43,0.032692,0.032692,0.953767,1.000000,0.000000,0.000000,0.000000,0.000000,0.000000
1,OPAM,ESAIL,44,0.014366,0.014366,0.954570,1.000000,0.000000,0.000000,0.000000,0.000000,0.000000
1,OPAM,ESAIL,45,0.074235,0.074235,0.925765,1.000000,0.000000,0.000000,0.000000,0.000000,0.000000
1,OPAM,ESAIL,46,0.022715,0.022715,0.954570,1.000000,0.000000,0.000000,0.000000,0.000000,0.000000
1,OPAM,ESAIL,47,0.035393,0.035393,0.938697,1.000000,0.000000,0.000000,0.000000,0.000000,0.000000
1,OPAM,ESAIL,48,0.046627,0.046627,0.953373,1.000000,0.000000,0.000000,0.000000,0.000000,0.000000
1,OPAM,ESAIL,49,0.262534,0.262534,0.212398,1.000000,0.000000,0.000000,0.000000,0.000000,0.000000
1,OPAM,ESAIL,50,0.335672,0.335672,0.921516,0.049689,0.000000,0.000000,0.598415,0.000000,0.000000
1,SEQ,ESAIL,1,0.281951,0.281951,0.109523,0.940644,0.000000,0.000000,0.003554,0.000000,0.000000
1,SEQ,ESAIL,2,0.282242,0.282242,0.107471,1.000000,0.000000,0.000000,0.000000,0.000000,0.000000
1,SEQ,ESAIL,3,0.282242,0.282242,0.107471,1.000000,0.000000,0.000000,0.000000,0.000000,0.000000
1,SEQ,ESAIL,4,0.282242,0.282242,0.107471,1.000000,0.000000,0.000000,0.000000,0.000000,0.000000
1,SEQ,ESAIL,5,0.282664,0.282664,0.109523,0.940644,0.000000,0.000000,0.000000,0.000000,0.000000
1,SEQ,ESAIL,6,0.270447,0.270447,0.144773,1.000000,0.000000,0.000000,0.000000,0.000000,0.000000
1,SEQ,ESAIL,7,0.282182,0.282182,0.109393,0.989322,0.000000,0.000000,0.000608,0.000000,0.000000
1,SEQ,ESAIL,8,0.275884,0.275884,0.127578,1.000000,0.000000,0.000000,0.000000,0.000000,0.000000
1,SEQ,ESAIL,9,0.282242,0.282242,0.107471,1.000000,0.000000,0.000000,0.000000,0.000000,0.000000
1,SEQ,ESAIL,10,0.281594,0.281594,0.109523,1.000000,0.000000,0.000000,0.000000,0.000000,0.000000
1,SEQ,ESAIL,11,0.289359,0.289359,0.107471,0.624197,0.000000,0.000000,0.000000,0.000000,0.000000
1,SEQ,ESAIL,12,0.282182,0.282182,0.109393,0.989322,0.000000,0.000000,0.000608,0.000000,0.000000
1,SEQ,ESAIL,13,0.283061,0.283061,0.109393,0.940652,0.000000,0.000000,0.000000,0.000000,0.000000
1,SEQ,ESAIL,14,0.282242,0.282242,0.107471,1.000000,0.000000,0.000000,0.000000,0.000000,0.000000
1,SEQ,ESAIL,15,0.282705,0.282705,0.109393,0.940652,0.000000,0.000000,0.000000,0.000000,0.000000
1,SEQ,ESAIL,16,0.282182,0.282182,0.109393,0.989322,0.000000,0.000000,0.000608,0.000000,0.000000
1,SEQ,ESAIL,17,0.282242,0.282242,0.107471,1.000000,0.000000,0.000000,0.000000,0.000000,0.000000
1,SEQ,ESAIL,18,0.282666,0.282666,0.106132,1.000000,0.000000,0.000000,0.000000,0.000000,0.000000
1,SEQ,ESAIL,19,0.275884,0.275884,0.127578,1.000000,0.000000,0.000000,0.000000,0.000000,0.000000
1,SEQ,ESAIL,20,0.281594,0.281594,0.109523,1.000000,0.000000,0.000000,0.000000,0.000000,0.000000
1,SEQ,ESAIL,21,0.282242,0.282242,0.107471,1.000000,0.000000,0.000000,0.000000,0.000000,0.000000
1,SEQ,ESAIL,22,0.390183,0.390183,0.127524,1.000000,0.000000,0.000000,0.000000,0.000000,0.000000
1,SEQ,ESAIL,23,0.281594,0.281594,0.109523,1.000000,0.000000,0.000000,0.000000,0.000000,0.000000
1,SEQ,ESAIL,24,0.283731,0.283731,0.109523,0.940644,0.000000,0.000000,0.000000,0.000000,0.000000
1,SEQ,ESAIL,25,0.282240,0.282240,0.108055,0.989338,0.000000,0.000000,0.000000,0.000000,0.000000
1,SEQ,ESAIL,26,0.281594,0.281594,0.109523,1.000000,0.000000,0.000000,0.000000,0.000000,0.000000
1,SEQ,ESAIL,27,0.281951,0.281951,0.109523,0.940644,0.000000,0.000000,0.003554,0.000000,0.000000
1,SEQ,ESAIL,28,0.282242,0.282242,0.107471,1.000000,0.000000,0.000000,0.000000,0.000000,0.000000
1,SEQ,ESAIL,29,0.275843,0.275843,0.127708,1.000000,0.000000,0.000000,0.000000,0.000000,0.000000
1,SEQ,ESAIL,30,0.266889,0.266889,0.156023,1.000000,0.000000,0.000000,0.000000,0.000000,0.000000
1,SEQ,ESAIL,31,0.270825,0.270825,0.143577,1.000000,0.000000,0.000000,0.000000,0.000000,0.000000
1,SEQ,ESAIL,32,0.283731,0.283731,0.109523,0.940644,0.000000,0.000000,0.000000,0.000000,0.000000
1,SEQ,ESAIL,33,0.282664,0.282664,0.109523,0.940644,0.000000,0.000000,0.000000,0.000000,0.000000
1,SEQ,ESAIL,34,0.281951,0.281951,0.109523,0.940644,0.000000,0.000000,0.003554,0.000000,0.000000
1,SEQ,ESAIL,35,0.283020,0.283020,0.109523,0.940644,0.000000,0.000000,0.000000,0.000000,0.000000
1,SEQ,ESAIL,36,0.281594,0.281594,0.109523,1.000000,0.000000,0.000000,0.000000,0.000000,0.000000
1,SEQ,ESAIL,37,0.281594,0.281594,0.109523,1.000000,0.000000,0.000000,0.000000,0.000000,0.000000
1,SEQ,ESAIL,38,0.281594,0.281594,0.109523,1.000000,0.000000,0.000000,0.000000,0.000000,0.000000
1,SEQ,ESAIL,39,0.281594,0.281594,0.109523,1.000000,0.000000,0.000000,0.000000,0.000000,0.000000
1,SEQ,ESAIL,40,0.283376,0.283376,0.109523,0.940644,0.000000,0.000000,0.000000,0.000000,0.000000
1,SEQ,ESAIL,41,0.298222,0.298222,0.107471,0.951611,0.000000,0.000000,0.003554,0.000000,0.000000
1,SEQ,ESAIL,42,0.282840,0.282840,0.125656,0.645030,0.000000,0.000000,0.000000,0.000000,0.000000
1,SEQ,ESAIL,43,0.285443,0.285443,0.107471,0.940773,0.000000,0.000000,0.003554,0.000000,0.000000
1,SEQ,ESAIL,44,0.285796,0.285796,0.096233,1.000000,0.000000,0.000000,0.000000,0.000000,0.000000
1,SEQ,ESAIL,45,0.285147,0.285147,0.098285,1.000000,0.000000,0.000000,0.000000,0.000000,0.000000
1,SEQ,ESAIL,46,0.285443,0.285443,0.107471,0.940773,0.000000,0.000000,0.003554,0.000000,0.000000
1,SEQ,ESAIL,47,0.270447,0.270447,0.144773,1.000000,0.000000,0.000000,0.000000,0.000000,0.000000
1,SEQ,ESAIL,48,0.275843,0.275843,0.127708,1.000000,0.000000,0.000000,0.000000,0.000000,0.000000
1,SEQ,ESAIL,49,0.295891,0.295891,0.107471,0.940773,0.000000,0.000000,0.003554,0.000000,0.000000
1,SEQ,ESAIL,50,0.275884,0.275884,0.127578,1.000000,0.000000,0.000000,0.000000,0.000000,0.000000
1,OPAM,GAP,1,0.018103,0.017125,0.610862,0.569242,0.000000,0.000000,0.074831,0.000000,0.000000
1,OPAM,GAP,2,0.012086,0.012029,0.660070,0.211431,0.010000,0.021277,0.038082,0.020000,0.021277
1,OPAM,GAP,3,0.017397,0.017323,0.611196,0.240027,0.000000,0.000000,0.083510,0.000000,0.000000
1,OPAM,GAP,4,0.011972,0.011880,0.645831,0.436005,0.000000,0.000000,0.060327,0.000000,0.000000
1,OPAM,GAP,5,0.010093,0.009878,0.663670,0.512700,0.000000,0.000000,0.078906,0.000000,0.000000
1,OPAM,GAP,6,0.017242,0.016543,0.616920,0.367049,0.000000,0.000000,0.075242,0.000000,0.000000
1,OPAM,GAP,7,0.015152,0.014305,0.640217,0.344832,0.020000,0.042553,0.068292,0.040000,0.042553
1,OPAM,GAP,8,0.016427,0.015988,0.638370,0.448610,0.000000,0.000000,0.053805,0.000000,0.000000
1,OPAM,GAP,9,0.013217,0.012309,0.636072,0.378597,0.010000,0.021277,0.076763,0.020000,0.021277
1,OPAM,GAP,10,0.016912,0.016576,0.622054,0.507745,0.000000,0.000000,0.070323,0.000000,0.000000
1,OPAM,GAP,11,0.014465,0.014182,0.616928,0.427683,0.000000,0.000000,0.097296,0.000000,0.000000
1,OPAM,GAP,12,0.017567,0.016996,0.626211,0.350584,0.000000,0.000000,0.031643,0.000000,0.000000
1,OPAM,GAP,13,0.012020,0.012007,0.650590,0.377761,0.000000,0.000000,0.090211,0.000000,0.000000
1,OPAM,GAP,14,0.013237,0.013219,0.651199,0.241073,0.040000,0.063830,0.081617,0.080000,0.063830
1,OPAM,GAP,15,0.019374,0.018913,0.614257,0.355127,0.019608,0.042553,0.044443,0.040000,0.042553
1,OPAM,GAP,16,0.023462,0.023462,0.626831,0.486006,0.010000,0.021277,0.073063,0.020000,0.021277
1,OPAM,GAP,17,0.020496,0.020454,0.637946,0.347276,0.010000,0.021277,0.067613,0.020000,0.021277
1,OPAM,GAP,18,0.013773,0.012659,0.651424,0.230222,0.010000,0.021277,0.020343,0.020000,0.021277
1,OPAM,GAP,19,0.014028,0.013890,0.631087,0.450804,0.010000,0.021277,0.048677,0.020000,0.021277
1,OPAM,GAP,20,0.018561,0.018554,0.626521,0.246253,0.000000,0.000000,0.028300,0.000000,0.000000
1,OPAM,GAP,21,0.015302,0.015302,0.638986,0.511765,0.010000,0.021277,0.099672,0.020000,0.021277
1,OPAM,GAP,22,0.014375,0.013988,0.629236,0.237427,0.000000,0.000000,0.082157,0.000000,0.000000
1,OPAM,GAP,23,0.021168,0.020593,0.624067,0.530408,0.020000,0.042553,0.080046,0.040000,0.042553
1,OPAM,GAP,24,0.012218,0.011938,0.644474,0.511304,0.000000,0.000000,0.053875,0.000000,0.000000
1,OPAM,GAP,25,0.028371,0.028255,0.628512,0.437755,0.000000,0.000000,0.082714,0.000000,0.000000
1,OPAM,GAP,26,0.014397,0.014153,0.647146,0.304120,0.010000,0.021277,0.052811,0.020000,0.021277
1,OPAM,GAP,27,0.019185,0.018500,0.624951,0.486679,0.010000,0.021277,0.061724,0.020000,0.021277
1,OPAM,GAP,28,0.020331,0.020214,0.607444,0.311199,0.000000,0.000000,0.063298,0.000000,0.000000
1,OPAM,GAP,29,0.016069,0.015824,0.640457,0.427564,0.010000,0.021277,0.044671,0.020000,0.021277
1,OPAM,GAP,30,0.009608,0.009608,0.655335,0.588598,0.010000,0.021277,0.083694,0.020000,0.021277
1,OPAM,GAP,31,0.015318,0.015282,0.651552,0.263565,0.009804,0.000000,0.026675,0.020000,0.000000
1,OPAM,GAP,32,0.011793,0.011416,0.658448,0.467956,0.010000,0.021277,0.053244,0.020000,0.021277
1,OPAM,GAP,33,0.013802,0.013684,0.637529,0.401650,0.010000,0.021277,0.052514,0.020000,0.021277
1,OPAM,GAP,34,0.023282,0.022966,0.611130,0.368049,0.000000,0.000000,0.037661,0.000000,0.000000
1,OPAM,GAP,35,0.015522,0.014455,0.634031,0.296983,0.000000,0.000000,0.040955,0.000000,0.000000
1,OPAM,GAP,36,0.015080,0.014373,0.641198,0.392940,0.010000,0.021277,0.053452,0.020000,0.021277
1,OPAM,GAP,37,0.020553,0.020364,0.644675,0.443549,0.000000,0.000000,0.059559,0.000000,0.000000
1,OPAM,GAP,38,0.016735,0.016735,0.616037,0.540842,0.000000,0.000000,0.069109,0.000000,0.000000
1,OPAM,GAP,39,0.021662,0.021523,0.604102,0.284951,0.010000,0.021277,0.084198,0.020000,0.021277
1,OPAM,GAP,40,0.012349,0.012273,0.654076,0.335211,0.040000,0.085106,0.017894,0.080000,0.085106
1,OPAM,GAP,41,0.013785,0.013627,0.627577,0.462833,0.010000,0.021277,0.030791,0.020000,0.021277
1,OPAM,GAP,42,0.014321,0.014308,0.631985,0.330226,0.000000,0.000000,0.080631,0.000000,0.000000
1,OPAM,GAP,43,0.024613,0.024594,0.614563,0.351620,0.010000,0.021277,0.053620,0.020000,0.021277
1,OPAM,GAP,44,0.015978,0.015938,0.635739,0.421471,0.000000,0.000000,0.058232,0.000000,0.000000
1,OPAM,GAP,45,0.016946,0.016673,0.634980,0.367458,0.010000,0.021277,0.050257,0.020000,0.021277
1,OPAM,GAP,46,0.018360,0.018360,0.615431,0.290559,0.010000,0.021277,0.078134,0.020000,0.021277
1,OPAM,GAP,47,0.010229,0.009763,0.658079,0.298713,0.020000,0.042553,0.074130,0.040000,0.042553
1,OPAM,GAP,48,0.009657,0.009657,0.646415,0.347534,0.000000,0.000000,0.082912,0.000000,0.000000
1,OPAM,GAP,49,0.022143,0.021767,0.635706,0.326444,0.000000,0.000000,0.048764,0.000000,0.000000
1,OPAM,GAP,50,0.016780,0.016695,0.625912,0.256292,0.000000,0.000000,0.081475,0.000000,0.000000
1,SEQ,GAP,1,0.024334,0.024276,0.611165,0.224897,0.000000,0.000000,0.084486,0.000000,0.000000
1,SEQ,GAP,2,0.026196,0.026016,0.568051,0.386509,0.000000,0.000000,0.065596,0.000000,0.000000
1,SEQ,GAP,3,0.027262,0.027254,0.599476,0.351720,0.000000,0.000000,0.107412,0.000000,0.000000
1,SEQ,GAP,4,0.047116,0.047116,0.532986,0.395666,0.010000,0.021277,0.168723,0.020000,0.021277
1,SEQ,GAP,5,0.042397,0.042392,0.555231,0.507937,0.000000,0.000000,0.092313,0.000000,0.000000
1,SEQ,GAP,6,0.039525,0.039471,0.537630,0.381816,0.000000,0.000000,0.130697,0.000000,0.000000
1,SEQ,GAP,7,0.023573,0.023038,0.595195,0.435660,0.000000,0.000000,0.105982,0.000000,0.000000
1,SEQ,GAP,8,0.020223,0.020174,0.617923,0.298761,0.000000,0.000000,0.057333,0.000000,0.000000
1,SEQ,GAP,9,0.020738,0.020562,0.607372,0.196140,0.000000,0.000000,0.037472,0.000000,0.000000
1,SEQ,GAP,10,0.019003,0.018955,0.618455,0.312584,0.000000,0.000000,0.048132,0.000000,0.000000
1,SEQ,GAP,11,0.034145,0.034058,0.565169,0.210344,0.000000,0.000000,0.093273,0.000000,0.000000
1,SEQ,GAP,12,0.026997,0.026997,0.603878,0.427417,0.010000,0.021277,0.115755,0.020000,0.021277
1,SEQ,GAP,13,0.022530,0.022100,0.614447,0.332208,0.000000,0.000000,0.057891,0.000000,0.000000
1,SEQ,GAP,14,0.030511,0.030011,0.562946,0.240425,0.000000,0.000000,0.086245,0.000000,0.000000
1,SEQ,GAP,15,0.026606,0.026146,0.586204,0.323542,0.000000,0.000000,0.080584,0.000000,0.000000
1,SEQ,GAP,16,0.023979,0.023797,0.611522,0.197824,0.000000,0.000000,0.033367,0.000000,0.000000
1,SEQ,GAP,17,0.027039,0.026991,0.611062,0.160816,0.000000,0.000000,0.045171,0.000000,0.000000
1,SEQ,GAP,18,0.036835,0.036829,0.566650,0.420599,0.000000,0.000000,0.076960,0.000000,0.000000
1,SEQ,GAP,19,0.037454,0.037326,0.546966,0.254755,0.000000,0.000000,0.032922,0.000000,0.000000
1,SEQ,GAP,20,0.012619,0.012326,0.638287,0.140356,0.000000,0.000000,0.089488,0.000000,0.000000
1,SEQ,GAP,21,0.012603,0.012569,0.631264,0.327589,0.000000,0.000000,0.101863,0.000000,0.000000
1,SEQ,GAP,22,0.019613,0.019461,0.584396,0.467218,0.000000,0.000000,0.131913,0.000000,0.000000
1,SEQ,GAP,23,0.028765,0.028452,0.584512,0.610646,0.000000,0.000000,0.139628,0.000000,0.000000
1,SEQ,GAP,24,0.042691,0.042603,0.546878,0.155290,0.010000,0.021277,0.110968,0.020000,0.021277
1,SEQ,GAP,25,0.053609,0.053569,0.518322,0.281323,0.020000,0.021277,0.096360,0.040000,0.021277
1,SEQ,GAP,26,0.023357,0.022845,0.619498,0.190929,0.000000,0.000000,0.072569,0.000000,0.000000
1,SEQ,GAP,27,0.022721,0.022411,0.601117,0.235668,0.000000,0.000000,0.080132,0.000000,0.000000
1,SEQ,GAP,28,0.019514,0.019459,0.621065,0.321950,0.020000,0.042553,0.062828,0.040000,0.042553
1,SEQ,GAP,29,0.028049,0.028045,0.617459,0.335665,0.000000,0.000000,0.048474,0.000000,0.000000
1,SEQ,GAP,30,0.020960,0.020744,0.583579,0.346997,0.000000,0.000000,0.066026,0.000000,0.000000
1,SEQ,GAP,31,0.026707,0.026707,0.606804,0.452826,0.020000,0.042553,0.100140,0.040000,0.042553
1,SEQ,GAP,32,0.024463,0.024410,0.605845,0.549364,0.000000,0.000000,0.102824,0.000000,0.000000
1,SEQ,GAP,33,0.019671,0.019241,0.592107,0.353150,0.000000,0.000000,0.095793,0.000000,0.000000
1,SEQ,GAP,34,0.032381,0.032138,0.593762,0.488591,0.009804,0.000000,0.083593,0.020000,0.000000
1,SEQ,GAP,35,0.026898,0.026895,0.576911,0.391747,0.000000,0.000000,0.063059,0.000000,0.000000
1,SEQ,GAP,36,0.022991,0.022653,0.618712,0.282570,0.010000,0.021277,0.076501,0.020000,0.021277
1,SEQ,GAP,37,0.038237,0.038205,0.536307,0.318851,0.000000,0.000000,0.090122,0.000000,0.000000
1,SEQ,GAP,38,0.029961,0.029176,0.562397,0.323812,0.000000,0.000000,0.096274,0.000000,0.000000
1,SEQ,GAP,39,0.025409,0.025191,0.605940,0.202791,0.000000,0.000000,0.039963,0.000000,0.000000
1,SEQ,GAP,40,0.044114,0.044065,0.491651,0.308743,0.000000,0.000000,0.141368,0.000000,0.000000
1,SEQ,GAP,41,0.028011,0.028011,0.558035,0.375648,0.020000,0.021277,0.092311,0.040000,0.021277
1,SEQ,GAP,42,0.024885,0.024879,0.607027,0.449144,0.000000,0.000000,0.075488,0.000000,0.000000
1,SEQ,GAP,43,0.025945,0.025903,0.597619,0.329730,0.000000,0.000000,0.106414,0.000000,0.000000
1,SEQ,GAP,44,0.022770,0.022734,0.602185,0.267237,0.000000,0.000000,0.089279,0.000000,0.000000
1,SEQ,GAP,45,0.025253,0.025221,0.592954,0.264563,0.000000,0.000000,0.098501,0.000000,0.000000
1,SEQ,GAP,46,0.014427,0.014427,0.659891,0.230423,0.010000,0.021277,0.040208,0.020000,0.021277
1,SEQ,GAP,47,0.036274,0.035613,0.562596,0.311472,0.000000,0.000000,0.058445,0.000000,0.000000
1,SEQ,GAP,48,0.015643,0.014614,0.627480,0.264555,0.000000,0.000000,0.053786,0.000000,0.000000
1,SEQ,GAP,49,0.038630,0.038408,0.578704,0.176447,0.000000,0.000000,0.096448,0.000000,0.000000
1,SEQ,GAP,50,0.028327,0.028232,0.559610,0.452542,0.000000,0.000000,0.118271,0.000000,0.000000
1,OPAM,ICS,1,0.000000,0.000000,0.000000,1.000000,0.500000,1.000000,0.000000,1.000000,1.000000
1,OPAM,ICS,2,0.000000,0.000000,0.000000,1.000000,0.500000,1.000000,0.000000,1.000000,1.000000
1,OPAM,ICS,3,0.000000,0.000000,0.000000,1.000000,0.500000,1.000000,0.000000,1.000000,1.000000
1,OPAM,ICS,4,0.000000,0.000000,0.000000,1.000000,0.500000,1.000000,0.000000,1.000000,1.000000
1,OPAM,ICS,5,0.000000,0.000000,0.000000,1.000000,0.500000,1.000000,0.000000,1.000000,1.000000
1,OPAM,ICS,6,0.000000,0.000000,0.000000,1.000000,0.500000,1.000000,0.000000,1.000000,1.000000
1,OPAM,ICS,7,0.000000,0.000000,0.000000,1.000000,0.500000,1.000000,0.000000,1.000000,1.000000
1,OPAM,ICS,8,0.000000,0.000000,0.000000,1.000000,0.500000,1.000000,0.000000,1.000000,1.000000
1,OPAM,ICS,9,0.000000,0.000000,0.000000,1.000000,0.500000,1.000000,0.000000,1.000000,1.000000
1,OPAM,ICS,10,0.000000,0.000000,0.000000,1.000000,0.500000,1.000000,0.000000,1.000000,1.000000
1,OPAM,ICS,11,0.000000,0.000000,0.000000,1.000000,0.500000,1.000000,0.000000,1.000000,1.000000
1,OPAM,ICS,12,0.000000,0.000000,0.000000,1.000000,0.500000,1.000000,0.000000,1.000000,1.000000
1,OPAM,ICS,13,0.000000,0.000000,0.000000,1.000000,0.500000,1.000000,0.000000,1.000000,1.000000
1,OPAM,ICS,14,0.000000,0.000000,0.000000,1.000000,0.500000,1.000000,0.000000,1.000000,1.000000
1,OPAM,ICS,15,0.000000,0.000000,0.000000,1.000000,0.500000,1.000000,0.000000,1.000000,1.000000
1,OPAM,ICS,16,0.000000,0.000000,0.000000,1.000000,0.500000,1.000000,0.000000,1.000000,1.000000
1,OPAM,ICS,17,0.000000,0.000000,0.000000,1.000000,0.500000,1.000000,0.000000,1.000000,1.000000
1,OPAM,ICS,18,0.000000,0.000000,0.000000,1.000000,0.500000,1.000000,0.000000,1.000000,1.000000
1,OPAM,ICS,19,0.000000,0.000000,0.000000,1.000000,0.500000,1.000000,0.000000,1.000000,1.000000
1,OPAM,ICS,20,0.000000,0.000000,0.000000,1.000000,0.500000,1.000000,0.000000,1.000000,1.000000
1,OPAM,ICS,21,0.000000,0.000000,0.000000,1.000000,0.500000,1.000000,0.000000,1.000000,1.000000
1,OPAM,ICS,22,0.000000,0.000000,0.000000,1.000000,0.500000,1.000000,0.000000,1.000000,1.000000
1,OPAM,ICS,23,0.000000,0.000000,0.000000,1.000000,0.500000,1.000000,0.000000,1.000000,1.000000
1,OPAM,ICS,24,0.000000,0.000000,0.000000,1.000000,0.500000,1.000000,0.000000,1.000000,1.000000
1,OPAM,ICS,25,0.000000,0.000000,0.000000,1.000000,0.500000,1.000000,0.000000,1.000000,1.000000
1,OPAM,ICS,26,0.000000,0.000000,0.000000,1.000000,0.500000,1.000000,0.000000,1.000000,1.000000
1,OPAM,ICS,27,0.000000,0.000000,0.000000,1.000000,0.500000,1.000000,0.000000,1.000000,1.000000
1,OPAM,ICS,28,0.000000,0.000000,0.000000,1.000000,0.500000,1.000000,0.000000,1.000000,1.000000
1,OPAM,ICS,29,0.000000,0.000000,0.000000,1.000000,0.500000,1.000000,0.000000,1.000000,1.000000
1,OPAM,ICS,30,0.000000,0.000000,0.000000,1.000000,0.500000,1.000000,0.000000,1.000000,1.000000
1,OPAM,ICS,31,0.000000,0.000000,0.000000,1.000000,0.500000,1.000000,0.000000,1.000000,1.000000
1,OPAM,ICS,32,0.000000,0.000000,0.000000,1.000000,0.500000,1.000000,0.000000,1.000000,1.000000
1,OPAM,ICS,33,0.000000,0.000000,0.000000,1.000000,0.500000,1.000000,0.000000,1.000000,1.000000
1,OPAM,ICS,34,0.000000,0.000000,0.000000,1.000000,0.500000,1.000000,0.000000,1.000000,1.000000
1,OPAM,ICS,35,0.000000,0.000000,0.000000,1.000000,0.500000,1.000000,0.000000,1.000000,1.000000
1,OPAM,ICS,36,0.000000,0.000000,0.000000,1.000000,0.500000,1.000000,0.000000,1.000000,1.000000
1,OPAM,ICS,37,0.000000,0.000000,0.000000,1.000000,0.500000,1.000000,0.000000,1.000000,1.000000
1,OPAM,ICS,38,0.000000,0.000000,0.000000,1.000000,0.500000,1.000000,0.000000,1.000000,1.000000
1,OPAM,ICS,39,0.000000,0.000000,0.000000,1.000000,0.500000,1.000000,0.000000,1.000000,1.000000
1,OPAM,ICS,40,0.000000,0.000000,0.000000,1.000000,0.500000,1.000000,0.000000,1.000000,1.000000
1,OPAM,ICS,41,0.000000,0.000000,0.000000,1.000000,0.500000,1.000000,0.000000,1.000000,1.000000
1,OPAM,ICS,42,0.000000,0.000000,0.000000,1.000000,0.500000,1.000000,0.000000,1.000000,1.000000
1,OPAM,ICS,43,0.000000,0.000000,0.000000,1.000000,0.500000,1.000000,0.000000,1.000000,1.000000
1,OPAM,ICS,44,0.000000,0.000000,0.000000,1.000000,0.500000,1.000000,0.000000,1.000000,1.000000
1,OPAM,ICS,45,0.000000,0.000000,0.000000,1.000000,0.500000,1.000000,0.000000,1.000000,1.000000
1,OPAM,ICS,46,0.000000,0.000000,0.000000,1.000000,0.500000,1.000000,0.000000,1.000000,1.000000
1,OPAM,ICS,47,0.000000,0.000000,0.000000,1.000000,0.500000,1.000000,0.000000,1.000000,1.000000
1,OPAM,ICS,48,0.000000,0.000000,0.000000,1.000000,0.500000,1.000000,0.000000,1.000000,1.000000
1,OPAM,ICS,49,0.000000,0.000000,0.000000,1.000000,0.500000,1.000000,0.000000,1.000000,1.000000
1,OPAM,ICS,50,0.000000,0.000000,0.000000,1.000000,0.500000,1.000000,0.000000,1.000000,1.000000
1,SEQ,ICS,1,0.000000,0.000000,0.000000,1.000000,0.500000,1.000000,0.000000,1.000000,1.000000
1,SEQ,ICS,2,0.000000,0.000000,0.000000,1.000000,0.500000,1.000000,0.000000,1.000000,1.000000
1,SEQ,ICS,3,0.000000,0.000000,0.000000,1.000000,0.500000,1.000000,0.000000,1.000000,1.000000
1,SEQ,ICS,4,0.000000,0.000000,0.000000,1.000000,0.500000,1.000000,0.000000,1.000000,1.000000
1,SEQ,ICS,5,0.000000,0.000000,0.000000,1.000000,0.500000,1.000000,0.000000,1.000000,1.000000
1,SEQ,ICS,6,0.000000,0.000000,0.000000,1.000000,0.500000,1.000000,0.000000,1.000000,1.000000
1,SEQ,ICS,7,0.000000,0.000000,0.000000,1.000000,0.500000,1.000000,0.000000,1.000000,1.000000
1,SEQ,ICS,8,0.000000,0.000000,0.000000,1.000000,0.500000,1.000000,0.000000,1.000000,1.000000
1,SEQ,ICS,9,0.000000,0.000000,0.000000,1.000000,0.500000,1.000000,0.000000,1.000000,1.000000
1,SEQ,ICS,10,0.000000,0.000000,0.000000,1.000000,0.500000,1.000000,0.000000,1.000000,1.000000
1,SEQ,ICS,11,0.000000,0.000000,0.000000,1.000000,0.500000,1.000000,0.000000,1.000000,1.000000
1,SEQ,ICS,12,0.000000,0.000000,0.000000,1.000000,0.500000,1.000000,0.000000,1.000000,1.000000
1,SEQ,ICS,13,0.000000,0.000000,0.000000,1.000000,0.500000,1.000000,0.000000,1.000000,1.000000
1,SEQ,ICS,14,0.000000,0.000000,0.000000,1.000000,0.500000,1.000000,0.000000,1.000000,1.000000
1,SEQ,ICS,15,0.000000,0.000000,0.000000,1.000000,0.500000,1.000000,0.000000,1.000000,1.000000
1,SEQ,ICS,16,0.000000,0.000000,0.000000,1.000000,0.500000,1.000000,0.000000,1.000000,1.000000
1,SEQ,ICS,17,0.000000,0.000000,0.000000,1.000000,0.500000,1.000000,0.000000,1.000000,1.000000
1,SEQ,ICS,18,0.000000,0.000000,0.000000,1.000000,0.500000,1.000000,0.000000,1.000000,1.000000
1,SEQ,ICS,19,0.000000,0.000000,0.000000,1.000000,0.500000,1.000000,0.000000,1.000000,1.000000
1,SEQ,ICS,20,0.000000,0.000000,0.000000,1.000000,0.500000,1.000000,0.000000,1.000000,1.000000
1,SEQ,ICS,21,0.000000,0.000000,0.000000,1.000000,0.500000,1.000000,0.000000,1.000000,1.000000
1,SEQ,ICS,22,0.000000,0.000000,0.000000,1.000000,0.500000,1.000000,0.000000,1.000000,1.000000
1,SEQ,ICS,23,0.000000,0.000000,0.000000,1.000000,0.500000,1.000000,0.000000,1.000000,1.000000
1,SEQ,ICS,24,0.000000,0.000000,0.000000,1.000000,0.500000,1.000000,0.000000,1.000000,1.000000
1,SEQ,ICS,25,0.000000,0.000000,0.000000,1.000000,0.500000,1.000000,0.000000,1.000000,1.000000
1,SEQ,ICS,26,0.000000,0.000000,0.000000,1.000000,0.500000,1.000000,0.000000,1.000000,1.000000
1,SEQ,ICS,27,0.000000,0.000000,0.000000,1.000000,0.500000,1.000000,0.000000,1.000000,1.000000
1,SEQ,ICS,28,0.000000,0.000000,0.000000,1.000000,0.500000,1.000000,0.000000,1.000000,1.000000
1,SEQ,ICS,29,0.000000,0.000000,0.000000,1.000000,0.500000,1.000000,0.000000,1.000000,1.000000
1,SEQ,ICS,30,0.000000,0.000000,0.000000,1.000000,0.500000,1.000000,0.000000,1.000000,1.000000
1,SEQ,ICS,31,0.000000,0.000000,0.000000,1.000000,0.500000,1.000000,0.000000,1.000000,1.000000
1,SEQ,ICS,32,0.000000,0.000000,0.000000,1.000000,0.500000,1.000000,0.000000,1.000000,1.000000
1,SEQ,ICS,33,0.000000,0.000000,0.000000,1.000000,0.500000,1.000000,0.000000,1.000000,1.000000
1,SEQ,ICS,34,0.000000,0.000000,0.000000,1.000000,0.500000,1.000000,0.000000,1.000000,1.000000
1,SEQ,ICS,35,0.000000,0.000000,0.000000,1.000000,0.500000,1.000000,0.000000,1.000000,1.000000
1,SEQ,ICS,36,0.000000,0.000000,0.000000,1.000000,0.500000,1.000000,0.000000,1.000000,1.000000
1,SEQ,ICS,37,0.000000,0.000000,0.000000,1.000000,0.500000,1.000000,0.000000,1.000000,1.000000
1,SEQ,ICS,38,0.000000,0.000000,0.000000,1.000000,0.500000,1.000000,0.000000,1.000000,1.000000
1,SEQ,ICS,39,0.000000,0.000000,0.000000,1.000000,0.500000,1.000000,0.000000,1.000000,1.000000
1,SEQ,ICS,40,0.000000,0.000000,0.000000,1.000000,0.500000,1.000000,0.000000,1.000000,1.000000
1,SEQ,ICS,41,0.000000,0.000000,0.000000,1.000000,0.500000,1.000000,0.000000,1.000000,1.000000
1,SEQ,ICS,42,0.000000,0.000000,0.000000,1.000000,0.500000,1.000000,0.000000,1.000000,1.000000
1,SEQ,ICS,43,0.000000,0.000000,0.000000,1.000000,0.500000,1.000000,0.000000,1.000000,1.000000
1,SEQ,ICS,44,0.000000,0.000000,0.000000,1.000000,0.500000,1.000000,0.000000,1.000000,1.000000
1,SEQ,ICS,45,0.000000,0.000000,0.000000,1.000000,0.500000,1.000000,0.000000,1.000000,1.000000
1,SEQ,ICS,46,0.000000,0.000000,0.000000,1.000000,0.500000,1.000000,0.000000,1.000000,1.000000
1,SEQ,ICS,47,0.000000,0.000000,0.000000,1.000000,0.500000,1.000000,0.000000,1.000000,1.000000
1,SEQ,ICS,48,0.000000,0.000000,0.000000,1.000000,0.500000,1.000000,0.000000,1.000000,1.000000
1,SEQ,ICS,49,0.000000,0.000000,0.000000,1.000000,0.500000,1.000000,0.000000,1.000000,1.000000
1,SEQ,ICS,50,0.000000,0.000000,0.000000,1.000000,0.500000,1.000000,0.000000,1.000000,1.000000
1,OPAM,HPSS,1,0.028964,0.028633,0.830884,0.546461,0.000000,0.000000,0.080780,0.000000,0.000000
1,OPAM,HPSS,2,0.056876,0.056876,0.711545,0.488229,0.000000,0.000000,0.075860,0.000000,0.000000
1,OPAM,HPSS,3,0.051126,0.051126,0.815870,0.285520,0.020000,0.043478,0.075506,0.040000,0.043478
1,OPAM,HPSS,4,0.017186,0.016182,0.852974,0.289895,0.000000,0.000000,0.056714,0.000000,0.000000
1,OPAM,HPSS,5,0.080709,0.080709,0.688296,0.827491,0.000000,0.000000,0.149321,0.000000,0.000000
1,OPAM,HPSS,6,0.024499,0.024480,0.758756,0.667519,0.000000,0.000000,0.035374,0.000000,0.000000
1,OPAM,HPSS,7,0.035425,0.035399,0.803528,0.410296,0.020000,0.043478,0.062377,0.040000,0.043478
1,OPAM,HPSS,8,0.054979,0.054979,0.692263,0.373964,0.000000,0.000000,0.048996,0.000000,0.000000
1,OPAM,HPSS,9,0.042807,0.042807,0.778930,0.240805,0.000000,0.000000,0.096463,0.000000,0.000000
1,OPAM,HPSS,10,0.041453,0.041436,0.768357,0.351458,0.000000,0.000000,0.062391,0.000000,0.000000
1,OPAM,HPSS,11,0.087550,0.087550,0.712353,0.608900,0.000000,0.000000,0.112207,0.000000,0.000000
1,OPAM,HPSS,12,0.040498,0.040423,0.826494,0.443887,0.019231,0.000000,0.105499,0.040000,0.000000
1,OPAM,HPSS,13,0.056151,0.056151,0.743644,0.783059,0.000000,0.000000,0.130676,0.000000,0.000000
1,OPAM,HPSS,14,0.057064,0.057051,0.694367,0.538526,0.000000,0.000000,0.048008,0.000000,0.000000
1,OPAM,HPSS,15,0.023014,0.022906,0.850075,0.282305,0.000000,0.000000,0.059236,0.000000,0.000000
1,OPAM,HPSS,16,0.028818,0.028393,0.865113,0.389807,0.038462,0.086957,0.090953,0.080000,0.086957
1,OPAM,HPSS,17,0.034657,0.034521,0.776174,0.550829,0.000000,0.000000,0.069058,0.000000,0.000000
1,OPAM,HPSS,18,0.047485,0.047350,0.801671,0.504207,0.000000,0.000000,0.088629,0.000000,0.000000
1,OPAM,HPSS,19,0.052191,0.052191,0.773888,0.401255,0.000000,0.000000,0.093244,0.000000,0.000000
1,OPAM,HPSS,20,0.067277,0.067277,0.782682,0.537761,0.019231,0.000000,0.097535,0.040000,0.000000
1,OPAM,HPSS,21,0.025454,0.025082,0.861658,0.542067,0.000000,0.000000,0.074954,0.000000,0.000000
1,OPAM,HPSS,22,0.050536,0.050534,0.747613,0.497090,0.000000,0.000000,0.053473,0.000000,0.000000
1,OPAM,HPSS,23,0.045083,0.045019,0.741532,0.510160,0.000000,0.000000,0.080697,0.000000,0.000000
1,OPAM,HPSS,24,0.035402,0.035343,0.786396,0.412597,0.000000,0.000000,0.035933,0.000000,0.000000
1,OPAM,HPSS,25,0.052745,0.052532,0.815336,0.419026,0.000000,0.000000,0.084734,0.000000,0.000000
1,OPAM,HPSS,26,0.094164,0.094164,0.683320,0.468106,0.000000,0.000000,0.096395,0.000000,0.000000
1,OPAM,HPSS,27,0.031402,0.031309,0.808243,0.407531,0.000000,0.000000,0.070196,0.000000,0.000000
1,OPAM,HPSS,28,0.039996,0.039851,0.782574,0.337254,0.000000,0.000000,0.063792,0.000000,0.000000
1,OPAM,HPSS,29,0.038166,0.038161,0.790920,0.498062,0.000000,0.000000,0.072413,0.000000,0.000000
1,OPAM,HPSS,30,0.083210,0.083210,0.684392,0.412157,0.000000,0.000000,0.087198,0.000000,0.000000
1,OPAM,HPSS,31,0.020400,0.020257,0.867243,0.229670,0.019231,0.000000,0.061731,0.040000,0.000000
1,OPAM,HPSS,32,0.064204,0.064204,0.686301,0.379612,0.000000,0.000000,0.077849,0.000000,0.000000
1,OPAM,HPSS,33,0.063477,0.063467,0.766462,0.545961,0.000000,0.000000,0.086233,0.000000,0.000000
1,OPAM,HPSS,34,0.053008,0.053008,0.729222,0.540670,0.000000,0.000000,0.040757,0.000000,0.000000
1,OPAM,HPSS,35,0.050609,0.050595,0.729294,0.500762,0.000000,0.000000,0.092654,0.000000,0.000000
1,OPAM,HPSS,36,0.039674,0.039672,0.823251,0.571283,0.000000,0.000000,0.083879,0.000000,0.000000
1,OPAM,HPSS,37,0.065825,0.065825,0.685671,0.385747,0.000000,0.000000,0.034572,0.000000,0.000000
1,OPAM,HPSS,38,0.069943,0.069941,0.635422,0.768619,0.000000,0.000000,0.055273,0.000000,0.000000
1,OPAM,HPSS,39,0.046760,0.046760,0.755744,0.287286,0.000000,0.000000,0.062588,0.000000,0.000000
1,OPAM,HPSS,40,0.032821,0.032821,0.834431,0.327068,0.019231,0.000000,0.077084,0.040000,0.000000
1,OPAM,HPSS,41,0.035683,0.035454,0.813317,0.348269,0.019231,0.000000,0.065040,0.040000,0.000000
1,OPAM,HPSS,42,0.031850,0.031797,0.801925,0.389639,0.000000,0.000000,0.056517,0.000000,0.000000
1,OPAM,HPSS,43,0.045170,0.045170,0.745776,0.675215,0.000000,0.000000,0.066316,0.000000,0.000000
1,OPAM,HPSS,44,0.037380,0.037380,0.800289,0.329069,0.019231,0.000000,0.064787,0.040000,0.000000
1,OPAM,HPSS,45,0.037672,0.037289,0.797324,0.522406,0.000000,0.000000,0.059672,0.000000,0.000000
1,OPAM,HPSS,46,0.044621,0.044621,0.774062,0.534121,0.000000,0.000000,0.065445,0.000000,0.000000
1,OPAM,HPSS,47,0.053361,0.053351,0.759069,0.326144,0.000000,0.000000,0.121647,0.000000,0.000000
1,OPAM,HPSS,48,0.070640,0.070548,0.682088,0.627196,0.000000,0.000000,0.071119,0.000000,0.000000
1,OPAM,HPSS,49,0.023395,0.022880,0.845380,0.489188,0.000000,0.000000,0.077396,0.000000,0.000000
1,OPAM,HPSS,50,0.055204,0.055126,0.805527,0.485921,0.000000,0.000000,0.084912,0.000000,0.000000
1,SEQ,HPSS,1,0.060234,0.060126,0.806785,0.518176,0.000000,0.000000,0.101341,0.000000,0.000000
1,SEQ,HPSS,2,0.058785,0.058782,0.854966,0.444343,0.019231,0.000000,0.117721,0.040000,0.000000
1,SEQ,HPSS,3,0.055167,0.055068,0.832294,0.203948,0.000000,0.000000,0.093105,0.000000,0.000000
1,SEQ,HPSS,4,0.064528,0.064345,0.811395,0.522284,0.019231,0.000000,0.138084,0.040000,0.000000
1,SEQ,HPSS,5,0.075454,0.075454,0.744994,0.577073,0.000000,0.000000,0.128432,0.000000,0.000000
1,SEQ,HPSS,6,0.064875,0.064875,0.772849,0.647155,0.000000,0.000000,0.090301,0.000000,0.000000
1,SEQ,HPSS,7,0.071549,0.071407,0.777250,0.438890,0.000000,0.000000,0.122617,0.000000,0.000000
1,SEQ,HPSS,8,0.053379,0.053362,0.780171,0.529766,0.000000,0.000000,0.077487,0.000000,0.000000
1,SEQ,HPSS,9,0.062507,0.062414,0.797027,0.372571,0.000000,0.000000,0.095871,0.000000,0.000000
1,SEQ,HPSS,10,0.063897,0.063868,0.838018,0.319428,0.000000,0.000000,0.131841,0.000000,0.000000
1,SEQ,HPSS,11,0.069327,0.069327,0.750812,0.440564,0.000000,0.000000,0.070435,0.000000,0.000000
1,SEQ,HPSS,12,0.063450,0.063450,0.856960,0.148105,0.037037,0.000000,0.128761,0.080000,0.000000
1,SEQ,HPSS,13,0.066888,0.066844,0.762840,0.350671,0.000000,0.000000,0.088250,0.000000,0.000000
1,SEQ,HPSS,14,0.058591,0.058589,0.776810,0.500840,0.000000,0.000000,0.063792,0.000000,0.000000
1,SEQ,HPSS,15,0.073048,0.073026,0.770165,0.316719,0.000000,0.000000,0.130606,0.000000,0.000000
1,SEQ,HPSS,16,0.085209,0.085209,0.728957,0.519325,0.000000,0.000000,0.121528,0.000000,0.000000
1,SEQ,HPSS,17,0.073844,0.073822,0.790137,0.692974,0.000000,0.000000,0.084824,0.000000,0.000000
1,SEQ,HPSS,18,0.065231,0.065192,0.806156,0.426142,0.000000,0.000000,0.099308,0.000000,0.000000
1,SEQ,HPSS,19,0.087029,0.087029,0.802215,0.365575,0.000000,0.000000,0.157407,0.000000,0.000000
1,SEQ,HPSS,20,0.081596,0.081587,0.717613,0.442400,0.037037,0.043478,0.149379,0.080000,0.043478
1,SEQ,HPSS,21,0.049188,0.049174,0.828433,0.421941,0.000000,0.000000,0.071037,0.000000,0.000000
1,SEQ,HPSS,22,0.063858,0.063832,0.815913,0.386705,0.000000,0.000000,0.096551,0.000000,0.000000
1,SEQ,HPSS,23,0.058781,0.058731,0.819555,0.424324,0.037037,0.000000,0.049479,0.080000,0.000000
1,SEQ,HPSS,24,0.062192,0.062005,0.777322,0.376327,0.000000,0.000000,0.094642,0.000000,0.000000
1,SEQ,HPSS,25,0.068961,0.068961,0.765241,0.588193,0.000000,0.000000,0.120057,0.000000,0.000000
1,SEQ,HPSS,26,0.060984,0.060984,0.768640,0.650909,0.000000,0.000000,0.082766,0.000000,0.000000
1,SEQ,HPSS,27,0.079341,0.079341,0.673841,0.386867,0.000000,0.000000,0.118859,0.000000,0.000000
1,SEQ,HPSS,28,0.066208,0.066124,0.789592,0.569980,0.000000,0.000000,0.110649,0.000000,0.000000
1,SEQ,HPSS,29,0.057967,0.057903,0.805263,0.473672,0.000000,0.000000,0.090973,0.000000,0.000000
1,SEQ,HPSS,30,0.066058,0.066056,0.788847,0.308156,0.000000,0.000000,0.123830,0.000000,0.000000
1,SEQ,HPSS,31,0.065344,0.065201,0.791733,0.721455,0.000000,0.000000,0.079141,0.000000,0.000000
1,SEQ,HPSS,32,0.085046,0.085044,0.748598,0.659274,0.000000,0.000000,0.096646,0.000000,0.000000
1,SEQ,HPSS,33,0.056665,0.056665,0.751039,0.452851,0.000000,0.000000,0.073276,0.000000,0.000000
1,SEQ,HPSS,34,0.065468,0.065399,0.753486,0.702864,0.000000,0.000000,0.086961,0.000000,0.000000
1,SEQ,HPSS,35,0.060645,0.060616,0.805038,0.442288,0.000000,0.000000,0.092171,0.000000,0.000000
1,SEQ,HPSS,36,0.081175,0.081175,0.737692,0.395454,0.000000,0.000000,0.110580,0.000000,0.000000
1,SEQ,HPSS,37,0.058540,0.058537,0.831695,0.542718,0.000000,0.000000,0.100591,0.000000,0.000000
1,SEQ,HPSS,38,0.046072,0.045955,0.824447,0.331583,0.000000,0.000000,0.096047,0.000000,0.000000
1,SEQ,HPSS,39,0.062966,0.062964,0.829897,0.588472,0.000000,0.000000,0.097760,0.000000,0.000000
1,SEQ,HPSS,40,0.046407,0.046378,0.863996,0.441813,0.000000,0.000000,0.107104,0.000000,0.000000
1,SEQ,HPSS,41,0.075283,0.075213,0.815506,0.359092,0.000000,0.000000,0.178528,0.000000,0.000000
1,SEQ,HPSS,42,0.061550,0.061423,0.799177,0.303237,0.000000,0.000000,0.085868,0.000000,0.000000
1,SEQ,HPSS,43,0.057981,0.057965,0.820585,0.612640,0.019231,0.000000,0.094320,0.040000,0.000000
1,SEQ,HPSS,44,0.052571,0.052571,0.843381,0.371077,0.037037,0.000000,0.093344,0.080000,0.000000
1,SEQ,HPSS,45,0.072700,0.072673,0.807136,0.427469,0.000000,0.000000,0.112944,0.000000,0.000000
1,SEQ,HPSS,46,0.061715,0.061487,0.832763,0.337363,0.000000,0.000000,0.100758,0.000000,0.000000
1,SEQ,HPSS,47,0.042169,0.042169,0.862207,0.582386,0.053571,0.000000,0.103398,0.120000,0.000000
1,SEQ,HPSS,48,0.069100,0.068990,0.806214,0.454794,0.019231,0.043478,0.090933,0.040000,0.043478
1,SEQ,HPSS,49,0.065687,0.065672,0.744823,0.547577,0.000000,0.000000,0.073983,0.000000,0.000000
1,SEQ,HPSS,50,0.055629,0.055629,0.794119,0.462706,0.000000,0.000000,0.084496,0.000000,0.000000
1,OPAM,UAV,1,0.023564,0.023097,0.884307,0.443887,0.014286,0.037037,0.049533,0.028571,0.037037
1,OPAM,UAV,2,0.021044,0.020912,0.869478,0.434999,0.000000,0.000000,0.022342,0.000000,0.000000
1,OPAM,UAV,3,0.021413,0.021282,0.851573,0.568869,0.000000,0.000000,0.026097,0.000000,0.000000
1,OPAM,UAV,4,0.020413,0.019882,0.857877,0.409804,0.000000,0.000000,0.052368,0.000000,0.000000
1,OPAM,UAV,5,0.019492,0.018397,0.873385,0.263212,0.000000,0.000000,0.047281,0.000000,0.000000
1,OPAM,UAV,6,0.015459,0.015070,0.879741,0.425966,0.000000,0.000000,0.024318,0.000000,0.000000
1,OPAM,UAV,7,0.026397,0.026171,0.859227,0.316891,0.013889,0.000000,0.053463,0.028571,0.000000
1,OPAM,UAV,8,0.015783,0.015111,0.879431,0.335628,0.000000,0.000000,0.033447,0.000000,0.000000
1,OPAM,UAV,9,0.021947,0.021756,0.859454,0.226491,0.028571,0.074074,0.065166,0.057143,0.074074
1,OPAM,UAV,10,0.022783,0.022179,0.860681,0.430431,0.015625,0.037037,0.052362,0.114286,0.037037
1,OPAM,UAV,11,0.025511,0.025244,0.859406,0.498431,0.013889,0.000000,0.037534,0.028571,0.000000
1,OPAM,UAV,12,0.016074,0.014885,0.868312,0.636301,0.027027,0.074074,0.041961,0.057143,0.074074
1,OPAM,UAV,13,0.038479,0.038169,0.853481,0.448597,0.000000,0.000000,0.046236,0.000000,0.000000
1,OPAM,UAV,14,0.018231,0.017735,0.863575,0.447290,0.000000,0.000000,0.025627,0.000000,0.000000
1,OPAM,UAV,15,0.017500,0.017008,0.875624,0.385475,0.000000,0.000000,0.035184,0.000000,0.000000
1,OPAM,UAV,16,0.022518,0.022252,0.858016,0.333082,0.000000,0.000000,0.053111,0.000000,0.000000
1,OPAM,UAV,17,0.016629,0.015746,0.868490,0.691462,0.000000,0.000000,0.051479,0.000000,0.000000
1,OPAM,UAV,18,0.013101,0.011647,0.892049,0.471773,0.013889,0.000000,0.055471,0.028571,0.000000
1,OPAM,UAV,19,0.020130,0.019757,0.860612,0.590924,0.000000,0.000000,0.034826,0.000000,0.000000
1,OPAM,UAV,20,0.021119,0.020627,0.853063,0.429771,0.000000,0.000000,0.057881,0.000000,0.000000
1,OPAM,UAV,21,0.021321,0.020969,0.853005,0.704904,0.000000,0.000000,0.048631,0.000000,0.000000
1,OPAM,UAV,22,0.023274,0.022758,0.860218,0.376297,0.000000,0.000000,0.057037,0.000000,0.000000
1,OPAM,UAV,23,0.015996,0.015428,0.868005,0.383206,0.000000,0.000000,0.052062,0.000000,0.000000
1,OPAM,UAV,24,0.022882,0.022027,0.849769,0.283670,0.000000,0.000000,0.061585,0.000000,0.000000
1,OPAM,UAV,25,0.020763,0.020417,0.878019,0.311658,0.027778,0.037037,0.031023,0.057143,0.037037
1,OPAM,UAV,26,0.030599,0.030064,0.843092,0.338798,0.000000,0.000000,0.056825,0.000000,0.000000
1,OPAM,UAV,27,0.021991,0.021704,0.849760,0.541512,0.000000,0.000000,0.021819,0.000000,0.000000
1,OPAM,UAV,28,0.016833,0.016168,0.866095,0.572220,0.014286,0.037037,0.033725,0.028571,0.037037
1,OPAM,UAV,29,0.024054,0.023497,0.826449,0.635200,0.000000,0.000000,0.042014,0.000000,0.000000
1,OPAM,UAV,30,0.026746,0.026468,0.853951,0.518409,0.000000,0.000000,0.059164,0.000000,0.000000
1,OPAM,UAV,31,0.025558,0.025089,0.841305,0.589771,0.000000,0.000000,0.056993,0.000000,0.000000
1,OPAM,UAV,32,0.016225,0.016041,0.886172,0.464369,0.027027,0.037037,0.063370,0.057143,0.037037
1,OPAM,UAV,33,0.017331,0.016631,0.861253,0.512276,0.000000,0.000000,0.034066,0.000000,0.000000
1,OPAM,UAV,34,0.022471,0.021981,0.855329,0.572224,0.000000,0.000000,0.054473,0.000000,0.000000
1,OPAM,UAV,35,0.031455,0.031197,0.874931,0.536878,0.027027,0.000000,0.043264,0.085714,0.000000
1,OPAM,UAV,36,0.017895,0.017177,0.863367,0.709775,0.000000,0.000000,0.044359,0.000000,0.000000
1,OPAM,UAV,37,0.024948,0.024427,0.869653,0.334953,0.000000,0.000000,0.056918,0.000000,0.000000
1,OPAM,UAV,38,0.019184,0.019184,0.871222,0.563215,0.013889,0.037037,0.030607,0.057143,0.037037
1,OPAM,UAV,39,0.011730,0.010585,0.893098,0.270309,0.000000,0.000000,0.056044,0.000000,0.000000
1,OPAM,UAV,40,0.020395,0.020035,0.868326,0.511174,0.000000,0.000000,0.021069,0.000000,0.000000
1,OPAM,UAV,41,0.019785,0.019206,0.875135,0.348020,0.014286,0.037037,0.011865,0.028571,0.037037
1,OPAM,UAV,42,0.016588,0.016042,0.863243,0.261052,0.000000,0.000000,0.049564,0.000000,0.000000
1,OPAM,UAV,43,0.018104,0.017435,0.876280,0.509571,0.013889,0.037037,0.048227,0.057143,0.037037
1,OPAM,UAV,44,0.020524,0.020046,0.853441,0.598517,0.000000,0.000000,0.037416,0.000000,0.000000
1,OPAM,UAV,45,0.019321,0.018917,0.878044,0.514278,0.000000,0.000000,0.043641,0.000000,0.000000
1,OPAM,UAV,46,0.019932,0.019555,0.878614,0.506947,0.041667,0.111111,0.046169,0.085714,0.111111
1,OPAM,UAV,47,0.026433,0.026039,0.883587,0.342659,0.042857,0.111111,0.072265,0.085714,0.111111
1,OPAM,UAV,48,0.020690,0.020690,0.868576,0.474186,0.013889,0.000000,0.048075,0.057143,0.000000
1,OPAM,UAV,49,0.024131,0.023806,0.842161,0.509483,0.000000,0.000000,0.044365,0.000000,0.000000
1,OPAM,UAV,50,0.014358,0.012997,0.884374,0.633636,0.027778,0.037037,0.040439,0.057143,0.037037
1,SEQ,UAV,1,0.064042,0.063888,0.809036,0.295462,0.000000,0.000000,0.079094,0.000000,0.000000
1,SEQ,UAV,2,0.089060,0.089060,0.695769,0.506986,0.000000,0.000000,0.118632,0.000000,0.000000
1,SEQ,UAV,3,0.107833,0.107833,0.693040,0.223901,0.000000,0.000000,0.136711,0.000000,0.000000
1,SEQ,UAV,4,0.080642,0.080642,0.805501,0.474320,0.015152,0.037037,0.157182,0.085714,0.037037
1,SEQ,UAV,5,0.114277,0.114277,0.675923,0.420294,0.000000,0.000000,0.087740,0.000000,0.000000
1,SEQ,UAV,6,0.074037,0.074037,0.781318,0.403375,0.000000,0.000000,0.121091,0.000000,0.000000
1,SEQ,UAV,7,0.108053,0.107984,0.670344,0.503054,0.000000,0.000000,0.127108,0.000000,0.000000
1,SEQ,UAV,8,0.089291,0.089262,0.702121,0.495992,0.000000,0.000000,0.123256,0.000000,0.000000
1,SEQ,UAV,9,0.140755,0.140755,0.652606,0.371952,0.015625,0.037037,0.128355,0.114286,0.037037
1,SEQ,UAV,10,0.070813,0.070772,0.743260,0.523750,0.000000,0.000000,0.087551,0.000000,0.000000
1,SEQ,UAV,11,0.103674,0.103660,0.707144,0.304261,0.000000,0.000000,0.096666,0.000000,0.000000
1,SEQ,UAV,12,0.064764,0.064738,0.796720,0.505381,0.000000,0.000000,0.083009,0.000000,0.000000
1,SEQ,UAV,13,0.071018,0.071018,0.735700,0.378520,0.000000,0.000000,0.081922,0.000000,0.000000
1,SEQ,UAV,14,0.072742,0.072724,0.747726,0.302934,0.000000,0.000000,0.132973,0.000000,0.000000
1,SEQ,UAV,15,0.125940,0.125940,0.710027,0.402867,0.000000,0.000000,0.112114,0.000000,0.000000
1,SEQ,UAV,16,0.063650,0.063617,0.782717,0.444177,0.000000,0.000000,0.062453,0.000000,0.000000
1,SEQ,UAV,17,0.091353,0.091282,0.693208,0.455814,0.000000,0.000000,0.109373,0.000000,0.000000
1,SEQ,UAV,18,0.090459,0.090459,0.682710,0.487003,0.000000,0.000000,0.072018,0.000000,0.000000
1,SEQ,UAV,19,0.075264,0.075264,0.742221,0.465946,0.000000,0.000000,0.092855,0.000000,0.000000
1,SEQ,UAV,20,0.082595,0.082559,0.759802,0.336801,0.015625,0.037037,0.112433,0.114286,0.037037
1,SEQ,UAV,21,0.108370,0.108343,0.714708,0.364672,0.000000,0.000000,0.105486,0.000000,0.000000
1,SEQ,UAV,22,0.100095,0.100080,0.717028,0.436837,0.015625,0.037037,0.124544,0.114286,0.037037
1,SEQ,UAV,23,0.083810,0.083793,0.712325,0.344647,0.000000,0.000000,0.093347,0.000000,0.000000
1,SEQ,UAV,24,0.093578,0.093515,0.763780,0.545030,0.014286,0.037037,0.174536,0.028571,0.037037
1,SEQ,UAV,25,0.140515,0.140504,0.572622,0.272787,0.000000,0.000000,0.090482,0.000000,0.000000
1,SEQ,UAV,26,0.095474,0.095459,0.704779,0.541483,0.000000,0.000000,0.123008,0.000000,0.000000
1,SEQ,UAV,27,0.061148,0.061148,0.786869,0.407649,0.000000,0.000000,0.091446,0.000000,0.000000
1,SEQ,UAV,28,0.089470,0.089454,0.745152,0.360670,0.000000,0.000000,0.147859,0.000000,0.000000
1,SEQ,UAV,29,0.076745,0.076633,0.721917,0.459622,0.000000,0.000000,0.107827,0.000000,0.000000
1,SEQ,UAV,30,0.071251,0.071230,0.797341,0.390434,0.000000,0.000000,0.117137,0.000000,0.000000
1,SEQ,UAV,31,0.115949,0.115924,0.630417,0.315412,0.000000,0.000000,0.158662,0.000000,0.000000
1,SEQ,UAV,32,0.085619,0.085584,0.733315,0.195981,0.000000,0.000000,0.110600,0.000000,0.000000
1,SEQ,UAV,33,0.065456,0.065456,0.768364,0.457280,0.000000,0.000000,0.110112,0.000000,0.000000
1,SEQ,UAV,34,0.101431,0.101417,0.708025,0.393077,0.029412,0.037037,0.148156,0.085714,0.037037
1,SEQ,UAV,35,0.093754,0.093739,0.693897,0.405770,0.000000,0.000000,0.076770,0.000000,0.000000
1,SEQ,UAV,36,0.082430,0.082425,0.718542,0.388014,0.000000,0.000000,0.113163,0.000000,0.000000
1,SEQ,UAV,37,0.073476,0.073316,0.721340,0.423712,0.000000,0.000000,0.111729,0.000000,0.000000
1,SEQ,UAV,38,0.085844,0.085844,0.687844,0.379101,0.000000,0.000000,0.107424,0.000000,0.000000
1,SEQ,UAV,39,0.102372,0.102357,0.694522,0.464022,0.000000,0.000000,0.121481,0.000000,0.000000
1,SEQ,UAV,40,0.088277,0.088193,0.725881,0.317966,0.000000,0.000000,0.100982,0.000000,0.000000
1,SEQ,UAV,41,0.074502,0.074360,0.753015,0.525818,0.000000,0.000000,0.061932,0.000000,0.000000
1,SEQ,UAV,42,0.077683,0.077683,0.758943,0.330131,0.000000,0.000000,0.096096,0.000000,0.000000
1,SEQ,UAV,43,0.079377,0.079377,0.789675,0.325553,0.000000,0.000000,0.135405,0.000000,0.000000
1,SEQ,UAV,44,0.074932,0.074912,0.748545,0.257215,0.000000,0.000000,0.103711,0.000000,0.000000
1,SEQ,UAV,45,0.113922,0.113870,0.650363,0.458750,0.000000,0.000000,0.107339,0.000000,0.000000
1,SEQ,UAV,46,0.077590,0.077590,0.736688,0.353178,0.000000,0.000000,0.113879,0.000000,0.000000
1,SEQ,UAV,47,0.087636,0.087486,0.673812,0.667534,0.000000,0.000000,0.114223,0.000000,0.000000
1,SEQ,UAV,48,0.073561,0.073529,0.722117,0.411051,0.000000,0.000000,0.089871,0.000000,0.000000
1,SEQ,UAV,49,0.074976,0.074936,0.767932,0.477631,0.000000,0.000000,0.132619,0.000000,0.000000
1,SEQ,UAV,50,0.079941,0.079922,0.721762,0.383886,0.000000,0.000000,0.101172,0.000000,0.000000
